{'aspect_ratio_func': 'dsr_thurai_2007', 'frequency': 13.6, 'canting': 10.0, 'elevation': 90.0, 'K2': 0.92512717854887216, 'n': (6.2818423594428365+3.0065050536044406j), 'prefactor': 0.0011990122637113656, 'wl': 22.043563088235295}
diameter[mm],radarXSh[mm2],radarXSv[mm2],extxs[mm2],ray[mm2],sKdp[mm2],aspect_ratio
0.01,1.19902077587e-15,1.19902077587e-15,2.04758759559e-08,1.19901226371e-15,-2.0894634061e-24,1.0
0.02,7.67389443593e-14,7.67389443593e-14,1.63835937872e-07,7.67367848775e-14,0.0,1.0
0.03,8.74135356202e-13,8.74135356202e-13,5.53109216977e-07,8.74079940246e-13,6.68628289952e-23,1.0
0.04,4.91170759347e-12,4.91170759347e-12,1.31161486021e-06,4.91115423216e-12,1.3372565799e-22,1.0
0.05,1.87378637601e-11,1.87378637601e-11,2.56310837976e-06,1.87345666205e-11,-2.67451315981e-22,1.0
0.060000000000000005,5.59552914244e-11,5.59552914244e-11,4.43192880571e-06,5.59411161757e-11,5.34902631961e-22,1.0
0.06999999999999999,1.41111251155e-10,1.41111251155e-10,7.04314479415e-06,1.41062593813e-10,-1.06980526392e-21,1.0
0.08,3.14455471047e-10,3.14455471047e-10,1.05227063564e-05,3.14313870858e-10,1.06980526392e-21,1.0
0.09,6.37567594619e-10,6.37567594619e-10,1.49975917104e-05,6.37204276439e-10,0.0,1.0
0.09999999999999999,1.19985635339e-09,1.19985635339e-09,2.05959576002e-05,1.19901226371e-09,-2.13961052784e-21,1.0
0.11,2.12593294804e-09,2.12593294804e-09,2.74472933937e-05,2.12412336491e-09,0.0,1.0
0.12,3.5838608924e-09,3.5838608924e-09,3.56825741489e-05,3.58023143525e-09,0.0,1.0
0.13,5.79428896573e-09,5.79428896573e-09,4.54344101649e-05,5.78740318559e-09,0.0,1.0
0.14,9.04046264038e-09,9.04046264038e-09,5.68372104715e-05,9.02800600406e-09,0.0,1.0
0.15000000000000002,1.36791339433e-08,1.36791339433e-08,7.0027334052e-05,1.36574990663e-08,0.0,1.0
0.16,2.01523432862e-08,2.01523432862e-08,8.51432464173e-05,2.01160877349e-08,0.0,1.0
0.17,2.90001251111e-08,2.90001251111e-08,0.000102325690742,2.89412412472e-08,8.55844211138e-21,1.0
0.18000000000000002,4.08741040756e-08,4.08741040756e-08,0.000121717817231,4.07810736921e-08,-1.71168842228e-20,1.0
0.19,5.6551963707e-08,5.6551963707e-08,0.000143465414596,5.64085882761e-08,0.0,1.0
0.2,7.69528992259e-08,7.69528992259e-08,0.000167716986739,7.67367848775e-08,1.71168842228e-20,1.0
0.21000000000000002,1.03153943333e-07,1.03153943333e-07,0.000194623998524,1.0283463089e-07,0.0,1.0
0.22,1.36407188007e-07,1.36407188007e-07,0.000224340969273,1.35943895354e-07,-1.71168842228e-20,1.0
0.23,1.78158019293e-07,1.78158019293e-07,0.000257025726698,1.7749684638e-07,3.42337684455e-20,1.0
0.24000000000000002,2.30064209307e-07,2.30064209307e-07,0.000292839522575,2.29134811856e-07,-3.42337684455e-20,1.0
0.25,2.94015991459e-07,2.94015991459e-07,0.000331947226119,2.92727603445e-07,0.0,1.0
0.26,3.72157116759e-07,3.72157116759e-07,0.000374517439473,3.70393803878e-07,1.02701305337e-19,1.0
0.27,4.66906758353e-07,4.66906758353e-07,0.000420722854323,4.64521917524e-07,0.0,1.0
0.28,5.80982783692e-07,5.80982783692e-07,0.000470740198018,5.7779238426e-07,6.8467536891e-20,1.0
0.29000000000000004,7.17425030756e-07,7.17425030756e-07,0.00052475060753,7.13200456621e-07,-1.36935073782e-19,1.0
0.3,8.79620923382e-07,8.79620923382e-07,0.000582939711625,8.74079940246e-07,0.0,1.0
0.31,1.07133114372e-06,1.07133114372e-06,0.000645497821834,1.06412779761e-06,-6.8467536891e-20,1.0
0.32,1.29671624866e-06,1.29671624866e-06,0.00071262020674,1.28742961504e-06,-1.36935073782e-19,1.0
0.33,1.56036529746e-06,1.56036529746e-06,0.000784507204667,1.54848593302e-06,0.0,1.0
0.34,1.86732429005e-06,1.86732429005e-06,0.000861364499647,1.85223943982e-06,6.8467536891e-20,1.0
0.35000000000000003,2.2231258669e-06,2.2231258669e-06,0.00094340319792,2.20410302833e-06,6.8467536891e-20,1.0
0.36000000000000004,2.63382169959e-06,2.63382169959e-06,0.00103084013849,2.60998871629e-06,0.0,1.0
0.37,3.10601333651e-06,3.10601333651e-06,0.00112389815432,3.07633742972e-06,0.0,1.0
0.38,3.64688516457e-06,3.64688516457e-06,0.00122280586208,3.61014964967e-06,0.0,1.0
0.39,4.26424009577e-06,4.26424009577e-06,0.00132779868159,4.2190169223e-06,0.0,1.0
0.4,4.96653466705e-06,4.96653466705e-06,0.00143911830914,4.91115423216e-06,-2.73870147564e-19,1.0
0.41000000000000003,5.76291307201e-06,5.76291307201e-06,0.00155701320616,5.69543323887e-06,0.0,1.0
0.42000000000000004,6.66325026465e-06,6.66325026465e-06,0.00168173887053,6.58141637696e-06,1.36935073782e-19,1.0
0.43,7.67818153597e-06,7.67818153597e-06,0.00181355788335,7.57939181912e-06,0.0,1.0
0.44,8.81915553733e-06,8.81915553733e-06,0.0019527405629,8.70040930268e-06,0.0,1.0
0.45,1.00984626193e-05,1.00984626193e-05,0.00209956476741,9.95631681936e-06,0.0,1.0
0.46,1.15292823545e-05,1.15292823545e-05,0.00225431589623,1.13597981683e-05,0.0,1.0
0.47000000000000003,1.31257290288e-05,1.31257290288e-05,0.00241728828866,1.29244113727e-05,-2.73870147564e-19,1.0
0.48000000000000004,1.49028948674e-05,1.49028948674e-05,0.00258878381352,1.46646279588e-05,-2.73870147564e-19,1.0
0.49,1.68768938518e-05,1.68768938518e-05,0.00276911378294,1.65958730996e-05,0.0,1.0
0.5,1.90649082582e-05,1.90649082582e-05,0.0029585978716,1.87345666205e-05,0.0,1.0
0.51,2.1485246368e-05,2.1485246368e-05,0.00315756517273,2.10981648692e-05,-5.47740295128e-19,1.0
0.52,2.41573731856e-05,2.41573731856e-05,0.00336635406786,2.37052034482e-05,0.0,1.0
0.53,2.71019886155e-05,2.71019886155e-05,0.00358531270217,2.6575340811e-05,2.73870147564e-19,1.0
0.54,3.0341048688e-05,3.0341048688e-05,0.00381479906514,2.97294027215e-05,0.0,1.0
0.55,3.38978426218e-05,3.38978426218e-05,0.00405518202005,3.31894275768e-05,5.47740295128e-19,1.0
0.56,3.77970438033e-05,3.77970438033e-05,0.00430684001344,3.69787125926e-05,-5.47740295128e-19,1.0
0.5700000000000001,4.20647525423e-05,4.20647525423e-05,0.00457016265801,4.11218608533e-05,0.0,1.0
0.5800000000000001,4.67285662611e-05,4.67285662611e-05,0.00484555110413,4.56448292237e-05,0.0,1.0
0.59,5.18176391344e-05,5.18176391344e-05,0.00513341714385,5.05749771254e-05,0.0,1.0
0.6,5.7362743647e-05,5.7362743647e-05,0.00543418495306,5.59411161757e-05,0.0,1.0
0.61,6.33963160089e-05,6.33963160089e-05,0.00574829014402,6.17735606898e-05,0.0,1.0
0.62,6.99525349698e-05,6.99525349698e-05,0.00607618140104,6.81041790469e-05,0.0,1.0
0.63,7.70673868654e-05,7.70673868654e-05,0.00641831932262,7.49664459188e-05,5.47740295128e-19,1.0
0.64,8.47787435784e-05,8.47787435783e-05,0.00677517784637,8.23954953623e-05,0.0,1.0
0.65,9.31263704136e-05,9.31263704136e-05,0.0071472438295,9.04281747749e-05,0.0,1.0
0.66,0.000102152083909,0.000102152083909,0.00753501799897,9.91030997134e-05,5.47740295128e-19,1.0
0.67,0.000111899775506,0.000111899775506,0.00793901463758,0.000108460709576,-1.09548059026e-18,1.0
0.68,0.000122415459047,0.000122415459047,0.00835976390586,0.000118543324148,0.0,1.0
0.6900000000000001,0.000133747388022,0.000133747388022,0.00879780804702,0.000129395201011,0.0,1.0
0.7000000000000001,0.00014651443065,0.00014651443065,0.00927877739318,0.000141062593813,-1.09548059026e-18,0.99443805
0.7100000000000001,0.000159753830756,0.000159753830756,0.00975706259321,0.000153593811406,-1.64322088538e-18,0.993814308415
0.72,0.000173980648096,0.000173980648095,0.0102544656375,0.000167039277843,-1.09548059026e-18,0.99322328064
0.73,0.000189253452136,0.000189253452136,0.0107715861732,0.00018145159324,2.19096118051e-18,0.992664030615
0.74,0.000205633461377,0.000205633461377,0.011309040205,0.000196885595502,-1.09548059026e-18,0.99213562024
0.75,0.00022318465898,0.00022318465898,0.0118674596377,0.000213398422912,1.09548059026e-18,0.991637109375
0.76,0.000241973726592,0.000241973726592,0.012447493691,0.000231049577579,-2.19096118051e-18,0.99116755584
0.77,0.000262070349592,0.000262070349592,0.0130498117322,0.000249900989759,-2.19096118051e-18,0.990726015415
0.78,0.000283547077964,0.000283547077964,0.0136750973682,0.000270017083027,-1.09548059026e-18,0.99031154184
0.79,0.000306479582281,0.000306479582281,0.0143240555166,0.000291464840324,0.0,0.989923186815
0.8,0.000330946714548,0.000330946714548,0.0149974097725,0.000314313870858,2.19096118051e-18,0.98956
0.81,0.000357030571073,0.000357030571073,0.0156959019207,0.000338636477875,0.0,0.989221029015
0.8200000000000001,0.000384816458449,0.000384816458449,0.0164202951413,0.000364507727287,0.0,0.98890531944
0.8300000000000001,0.00041439343931,0.00041439343931,0.0171713732887,0.000392005517172,2.19096118051e-18,0.988611914815
0.8400000000000001,0.00044585386392,0.00044585386392,0.0179499389714,0.000421210648125,-3.28644177077e-18,0.98833985664
0.85,0.000479293891622,0.000479293891622,0.0187568187639,0.000452206894487,2.19096118051e-18,0.988088184375
0.86,0.000514813325611,0.000514813325611,0.0195928604957,0.000485081076424,0.0,0.98785593544
0.87,0.000552516101088,0.000552516101088,0.0204589343547,0.000519923132876,1.09548059026e-18,0.987642145215
0.88,0.000592509824867,0.000592509824867,0.021355933389,0.000556826195372,2.19096118051e-18,0.98744584704
0.89,0.000634906359951,0.000634906359951,0.0222847731713,0.000595886662697,0.0,0.987266072215
0.9,0.000679822078448,0.000679822078448,0.023246397803,0.000637204276439,2.19096118051e-18,0.98710185
0.91,0.000727377223655,0.000727377223655,0.0242417693951,0.000680882197382,2.19096118051e-18,0.986952207615
0.92,0.000777696792173,0.000777696792173,0.0252718806772,0.000727027082774,0.0,0.98681617024
0.93,0.000830910318602,0.000830910318602,0.0263377470366,0.000775749164456,-2.19096118051e-18,0.986692761015
0.9400000000000001,0.000887152250257,0.000887152250257,0.0274404140365,0.00082716232785,2.19096118051e-18,0.98658100104
0.9500000000000001,0.00094656172646,0.00094656172646,0.0285809486042,0.000881384191814,0.0,0.986479909375
0.9600000000000001,0.00100928280384,0.00100928280384,0.0297604488358,0.000938536189361,-2.19096118051e-18,0.98638850304
0.97,0.00107546512763,0.00107546512763,0.0309800423641,0.000998743649238,2.19096118051e-18,0.986305797015
0.98,0.00114526331108,0.00114526331108,0.0322408805994,0.00106213587837,0.0,0.98623080424
0.99,0.0012188374273,0.00121883742729,0.0335441495068,0.00112884624517,2.19096118051e-18,0.986162535615
1.0,0.00129635319705,0.00129635319705,0.0348910597027,0.00119901226371,1.09548059026e-17,0.9861
1.01,0.00137798227818,0.00137798227818,0.0362828579019,0.00127277567875,2.19096118051e-18,0.986042204215
1.02,0.0014639021305,0.0014639021305,0.0377208156203,0.00135028255163,8.76384472205e-18,0.98598815304
1.03,0.00155429616964,0.00155429616964,0.0392062437041,0.00143168334705,4.38192236103e-18,0.985936849215
1.04,0.001649354731,0.001649354731,0.0407404787493,0.00151713302068,2.19096118051e-18,0.98588729344
1.05,0.00174927363055,0.00174927363055,0.0423248918355,0.00160679110766,-2.19096118051e-18,0.985838484375
1.06,0.00185425611457,0.00185425611457,0.0439608910791,0.0017008218119,2.19096118051e-18,0.98578941864
1.07,0.00196451172269,0.00196451172269,0.0456499167872,0.00179939409639,8.76384472205e-18,0.985739090815
1.08,0.00208025789802,0.00208025789802,0.0473934447592,0.00190268177418,0.0,0.98568649344
1.09,0.00220171795087,0.00220171795087,0.0491929797723,0.00201086360037,6.57288354154e-18,0.985630617015
1.1,0.00232912347446,0.00232912347446,0.0510500717216,0.00212412336491,-2.19096118051e-18,0.98557045
1.11,0.00246271426152,0.00246271426152,0.0529663079172,0.00224264998627,8.76384472205e-18,0.985504978815
1.12,0.00260273647405,0.00260273647405,0.0549433060881,0.00236663760593,1.09548059026e-17,0.98543318784
1.1300000000000001,0.00274944564599,0.00274944564598,0.0569827245496,0.00249628568383,-4.38192236103e-18,0.985354059415
1.1400000000000001,0.00290310442889,0.00290310442889,0.0590862638169,0.00263179909461,4.38192236103e-18,0.98526657384
1.1500000000000001,0.0030639854502,0.0030639854502,0.0612556580648,0.00277338822469,2.19096118051e-18,0.985169709375
1.1600000000000001,0.00323236935529,0.00323236935529,0.0634926904593,0.00292126907032,0.0,0.98506244224
1.17,0.00340854531339,0.00340854531339,0.0657991714892,0.00307566333635,4.38192236103e-18,0.984943746615
1.18,0.00359281283536,0.00359281283536,0.0681769736103,0.00323679853603,4.38192236103e-18,0.98481259464
1.19,0.00378548007723,0.00378548007723,0.0706279836337,0.00340490809149,0.0,0.984667956415
1.2,0.00398686548266,0.00398686548266,0.0731541564992,0.00358023143525,-8.76384472205e-18,0.9845088
1.21,0.00419729816879,0.00419729816879,0.0757574783026,0.00376301411247,0.0,0.984334091415
1.22,0.00441711607458,0.00441711607458,0.0784399821996,0.00395350788415,8.76384472205e-18,0.98414279464
1.23,0.00464666937535,0.00464666937535,0.0812037388443,0.00415197083113,0.0,0.983933871615
1.24,0.00488631867505,0.00488631867505,0.0840508821308,0.004358667459,-4.38192236103e-18,0.98370628224
1.25,0.0051364357923,0.0051364357923,0.086983567527,0.00457386880383,0.0,0.983458984375
1.26,0.00539740535371,0.00539740535371,0.0900040137006,0.0047978525388,1.31457670831e-17,0.98319093384
1.27,0.00566962134909,0.00566962134909,0.0931144833331,0.00503090308169,8.76384472205e-18,0.982901084415
1.28,0.00595349308205,0.00595349308205,0.0963172835845,0.00527331170319,1.75276894441e-17,0.98258838784
1.29,0.006249441186,0.006249441186,0.0996147747749,0.00552537663614,4.38192236103e-18,0.982251793815
1.3,0.00655789961372,0.00655789961371,0.103009365014,0.00578740318559,-8.76384472205e-18,0.98189025
1.31,0.00687931429984,0.00687931429984,0.106503503179,0.00605970383972,4.38192236103e-18,0.981502702015
1.32,0.0072141495324,0.0072141495324,0.110099695088,0.00634259838166,8.76384472205e-18,0.98108809344
1.33,0.00756287728702,0.00756287728702,0.113800497404,0.0066364140021,1.31457670831e-17,0.980645365815
1.34,0.00792599158465,0.00792599158464,0.117608520789,0.00694148541287,8.76384472205e-18,0.98017345864
1.35,0.00830399625106,0.00830399625106,0.121526429354,0.00725815496131,1.31457670831e-17,0.979671309375
1.36,0.00869741222097,0.00869741222097,0.125556908796,0.0075867727455,-8.76384472205e-18,0.97913785344
1.37,0.00910677850196,0.00910677850196,0.129702738439,0.00792769673038,-8.76384472205e-18,0.978572024215
1.3800000000000001,0.00953264760545,0.00953264760545,0.133966724451,0.00828129286472,1.75276894441e-17,0.97797275304
1.3900000000000001,0.00997559091967,0.00997559091967,0.138351747213,0.008647935199,3.94373012492e-17,0.977338969215
1.4000000000000001,0.0104361991692,0.0104361991692,0.142860701842,0.00902800600406,1.75276894441e-17,0.9766696
1.4100000000000001,0.0109150779483,0.0109150779483,0.147496589554,0.00942189589067,2.19096118051e-17,0.975963570615
1.42,0.0114128530971,0.0114128530971,0.152262420082,0.00983000393,0.0,0.97521980424
1.43,0.011930171679,0.011930171679,0.157161276369,0.0102527377749,2.62915341662e-17,0.974437222015
1.44,0.0124676986975,0.0124676986975,0.162196288677,0.0106905137819,8.76384472205e-18,0.97361474304
1.45,0.0130261213404,0.0130261213404,0.167370655242,0.0111437571347,-8.76384472205e-18,0.972751284375
1.46,0.0136061459148,0.0136061459148,0.172687607577,0.0116129019673,8.76384472205e-18,0.97184576104
1.47,0.0142085039387,0.0142085039387,0.178150451438,0.0120983914896,8.76384472205e-18,0.970897086015
1.48,0.0148339493816,0.0148339493816,0.183762539965,0.0126006781121,3.50553788882e-17,0.96990417024
1.49,0.015483254894,0.015483254894,0.189527266838,0.0131202235733,4.38192236103e-17,0.968865922615
1.5,0.0161938169099,0.0161938169099,0.195524457488,0.0136574990663,1.75276894441e-17,0.964650440625
1.51,0.0168896204351,0.0168896204351,0.201594384841,0.0142129853674,-8.76384472205e-18,0.963951808312
1.52,0.017610742318,0.017610742318,0.207826237788,0.0147871729651,4.38192236103e-17,0.963252959951
1.53,0.0183579409256,0.0183579409256,0.214223638005,0.0153805621896,4.38192236103e-17,0.962553898647
1.54,0.0191319899527,0.0191319899527,0.220790262232,0.0159936633446,1.75276894441e-17,0.961854627499
1.55,0.0199336824298,0.0199336824298,0.227529859861,0.0166269968376,1.75276894441e-17,0.961155149594
1.56,0.0207638268941,0.0207638268941,0.234446216037,0.0172810933137,0.0,0.960455468009
1.57,0.0216232523473,0.0216232523473,0.241543223435,0.0179564937881,2.62915341662e-17,0.959755585812
1.58,0.022512805669,0.022512805669,0.248824775053,0.0186537497807,4.38192236103e-17,0.959055506061
1.59,0.0234333545575,0.0234333545575,0.256294872505,0.0193734234512,4.38192236103e-17,0.958355231804
1.6,0.024385780776,0.024385780776,0.263957558062,0.0201160877349,3.50553788882e-17,0.95765476608
1.61,0.0253709922718,0.0253709922718,0.271816948475,0.0208823264798,3.50553788882e-17,0.956954111916
1.62,0.0263899082429,0.0263899082429,0.279877221334,0.021672734584,4.38192236103e-17,0.956253272332
1.6300000000000001,0.0274434700113,0.0274434700113,0.288142595016,0.0224879181345,3.50553788882e-17,0.955552250336
1.6400000000000001,0.0285326491614,0.0285326491614,0.296617383202,0.0233284945464,2.62915341662e-17,0.954851048927
1.6500000000000001,0.0296584261961,0.0296584261961,0.305305912957,0.0241950927035,7.01107577764e-17,0.954149671094
1.6600000000000001,0.0308218018802,0.0308218018802,0.314212658929,0.025088353099,5.25830683323e-17,0.953448119817
1.6700000000000002,0.0320238022674,0.0320238022674,0.323342057631,0.026008927978,1.75276894441e-17,0.952746398065
1.68,0.0332654742323,0.0332654742323,0.332698666109,0.02695748148,2.62915341662e-17,0.952044508797
1.69,0.0345478791374,0.0345478791374,0.342287081999,0.0279346897828,4.38192236103e-17,0.951342454964
1.7,0.035872111344,0.035872111344,0.352111996475,0.0289412412472,4.38192236103e-17,0.950640239505
1.71,0.0372392799888,0.0372392799888,0.362178090673,0.029977836562,8.76384472205e-17,0.949937865351
1.72,0.0386505161469,0.0386505161469,0.372490191131,0.0310451888911,4.38192236103e-17,0.949235335422
1.73,0.0401069708078,0.0401069708078,0.383053086599,0.03214402402,8.76384472205e-18,0.948532652628
1.74,0.0416098179316,0.0416098179316,0.393871750966,0.0332750805041,1.75276894441e-17,0.94782981987
1.75,0.0431602520539,0.0431602520539,0.404951081331,0.0344391098177,8.76384472205e-18,0.947126840039
1.76,0.0447595035246,0.0447595035246,0.416296095454,0.0356368765038,5.25830683323e-17,0.946423716016
1.77,0.0464088041774,0.0464088041774,0.42791188979,0.0368691583245,6.13469130544e-17,0.945720450672
1.78,0.0481094219354,0.0481094219354,0.439803602725,0.0381367464126,6.13469130544e-17,0.945017046869
1.79,0.0498626462733,0.0498626462733,0.451976334808,0.0394404454244,4.38192236103e-17,0.944313507458
1.8,0.0516697827041,0.0516697827041,0.464435409475,0.0407810736921,5.25830683323e-17,0.94360983528
1.81,0.0535321810279,0.0535321810279,0.477186022615,0.0421594633787,8.76384472205e-17,0.942906033168
1.82,0.055451176422,0.055451176422,0.490233580865,0.0435764606324,1.75276894441e-17,0.942202103944
1.83,0.0574281638659,0.0574281638659,0.503583397194,0.0450329257429,1.22693826109e-16,0.941498050419
1.84,0.0594645388666,0.0594645388666,0.517240973139,0.0465297332975,7.01107577764e-17,0.940793875397
1.85,0.0615617348416,0.0615617348416,0.531211691699,0.0480677723394,3.50553788882e-17,0.940089581669
1.86,0.0637211997124,0.0637211997124,0.545501106606,0.0496479465252,0.0,0.939385172019
1.87,0.0659444055685,0.0659444055685,0.56011477396,0.0512711742851,5.25830683323e-17,0.938680649219
1.8800000000000001,0.0682328546048,0.0682328546048,0.575058288426,0.0529383889824,3.50553788882e-17,0.937976016033
1.8900000000000001,0.0705880645379,0.0705880645379,0.590337299123,0.0546505390748,5.25830683323e-17,0.937271275214
1.9000000000000001,0.0730115822713,0.0730115822712,0.605957414903,0.0564085882761,5.25830683323e-17,0.936566429505
1.9100000000000001,0.075504971087,0.075504971087,0.621924377855,0.0582135157191,5.25830683323e-17,0.93586148164
1.9200000000000002,0.0780698345982,0.0780698345982,0.638243915164,0.0600663161191,7.01107577764e-17,0.935156434342
1.93,0.0807077802178,0.0807077802178,0.654921743228,0.0619679999383,7.01107577764e-17,0.934451290326
1.94,0.083420448578,0.083420448578,0.671963707383,0.0639195935512,1.22693826109e-16,0.933746052295
1.95,0.0862095118958,0.0862095118958,0.68937557701,0.0659221394109,7.01107577764e-17,0.933040722944
1.96,0.0890766354521,0.0890766354521,0.707163170191,0.0679766962158,7.01107577764e-17,0.932335304958
1.97,0.0920235568207,0.0920235568207,0.725332334078,0.0700843390778,1.05166136665e-16,0.93162980101
1.98,0.0950519763745,0.0950519763745,0.743888939925,0.072246159691,5.25830683323e-17,0.930924213766
1.99,0.0981636864947,0.0981636864947,0.762838857996,0.0744632665015,7.01107577764e-17,0.930218545881
2.0,0.101360430569,0.101360430569,0.782187905236,0.0767367848775,7.01107577764e-17,0.9295128
2.01,0.104644025926,0.104644025926,0.801941977829,0.079067857281,1.22693826109e-16,0.928806978758
2.02,0.108016322332,0.108016322332,0.822106968241,0.0814576434398,1.05166136665e-16,0.928101084781
2.03,0.111479126549,0.111479126549,0.842688742552,0.0839073205209,1.05166136665e-16,0.927395120684
2.04,0.115034311146,0.115034311146,0.863693192935,0.0864180833042,1.40221515553e-16,0.926689089073
2.05,0.118683790471,0.118683790471,0.885126155764,0.0889911443573,1.22693826109e-16,0.925982992544
2.0599999999999996,0.122429479265,0.122429479265,0.906993437796,0.0916277342113,1.75276894441e-17,0.925276833684
2.07,0.126273286861,0.126273286861,0.929300819124,0.0943291015373,1.40221515553e-16,0.924570615068
2.0799999999999996,0.130217194318,0.130217194318,0.952054262286,0.0970965133238,1.05166136665e-16,0.923864339263
2.09,0.134263152169,0.134263152169,0.975259355925,0.099931255055,1.05166136665e-16,0.923158008827
2.0999999999999996,0.138413178109,0.138413178109,0.998921953366,0.10283463089,5.25830683323e-17,0.922451626305
2.11,0.142669313699,0.142669313699,1.02304769112,0.105807963842,1.75276894441e-16,0.921745194235
2.1199999999999997,0.147033541602,0.147033541602,1.04764220248,0.108852595962,8.76384472205e-17,0.921038715144
2.13,0.151507964776,0.151507964776,1.07271117334,0.111969888515,1.22693826109e-16,0.920332191549
2.1399999999999997,0.156094630747,0.156094630747,1.09826017822,0.115161222169,1.22693826109e-16,0.919625625958
2.15,0.160795678697,0.160795678697,1.12429465673,0.118427997174,1.22693826109e-16,0.918919020869
2.1599999999999997,0.165613192505,0.165613192505,1.15082007046,0.121771633547,8.76384472205e-17,0.918212378769
2.17,0.170549295084,0.170549295084,1.17784185085,0.125193571261,2.27859962773e-16,0.917505702137
2.1799999999999997,0.175606181708,0.175606181708,1.20536518685,0.128695270424,1.05166136665e-16,0.916798993441
2.19,0.180786015614,0.180786015614,1.23339552791,0.132278211472,1.40221515553e-16,0.916092255139
2.1999999999999997,0.186090970759,0.186090970759,1.2619378474,0.135943895354,1.40221515553e-16,0.91538548968
2.21,0.191523268214,0.191523268214,1.29099737022,0.139693843723,8.76384472205e-17,0.914678699502
2.2199999999999998,0.197085112917,0.197085112917,1.32057897596,0.143529599121,7.01107577764e-17,0.913971887035
2.23,0.202778758967,0.202778758967,1.35068756804,0.147452725174,1.57749204997e-16,0.913265054698
2.2399999999999998,0.208606442027,0.208606442027,1.38132796489,0.151464806779,1.92804583885e-16,0.912558204899
2.25,0.214570477563,0.214570477563,1.41250486925,0.155567450302,1.75276894441e-16,0.911851340039
2.26,0.220673102671,0.220673102671,1.44422293083,0.159762283765,1.40221515553e-16,0.911144462507
2.27,0.226916687353,0.226916687353,1.47648655246,0.164050957042,1.40221515553e-16,0.910437574682
2.28,0.233303499789,0.233303499789,1.50930012692,0.168435142055,7.01107577764e-17,0.909730678935
2.29,0.239835874923,0.239835874923,1.54266771176,0.172916532967,1.05166136665e-16,0.909023777626
2.3,0.246516170686,0.246516170686,1.57659365724,0.17749684638,1.40221515553e-16,0.908316873105
2.31,0.253346753018,0.253346753018,1.61108184222,0.182177821534,1.40221515553e-16,0.907609967713
2.32,0.260329968374,0.260329968374,1.64613613326,0.1869612205,1.75276894441e-16,0.906903063779
2.3299999999999996,0.26746827461,0.26746827461,1.68176013297,0.191848828385,2.45387652217e-16,0.906196163626
2.34,0.274764014411,0.274764014411,1.71795753326,0.196842453527,2.10332273329e-16,0.905489269564
2.3499999999999996,0.282219601378,0.282219601378,1.75473160313,0.201943927698,1.75276894441e-16,0.904782383894
2.36,0.28983750177,0.28983750177,1.79208565559,0.207155106306,1.40221515553e-16,0.904075508908
2.3699999999999997,0.297620164343,0.297620164343,1.83002294121,0.212477868596,2.45387652217e-16,0.903368646886
2.38,0.30557000336,0.305570003359,1.86854622603,0.217914117855,2.10332273329e-16,0.902661800102
2.3899999999999997,0.31368948676,0.31368948676,1.90765827872,0.223465781615,2.10332273329e-16,0.901954970816
2.4,0.321981134929,0.321981134929,1.94736194607,0.229134811856,3.50553788882e-17,0.90124816128
2.4099999999999997,0.330447435838,0.330447435838,1.98765940699,0.234923185217,2.10332273329e-16,0.900541373737
2.42,0.339090861433,0.339090861433,2.0285531216,0.240832903198,2.10332273329e-16,0.89983461042
2.4299999999999997,0.347913963168,0.347913963168,2.07004509069,0.246865992371,2.10332273329e-16,0.89912787355
2.44,0.356919238815,0.356919238815,2.11213744844,0.253024504586,2.10332273329e-16,0.89842116534
2.4499999999999997,0.36610930561,0.36610930561,2.15483174717,0.25931051718,3.50553788882e-16,0.897714487994
2.46,0.375486686766,0.375486686766,2.19812979089,0.265726133193,2.80443031106e-16,0.897007843704
2.4699999999999998,0.3850539525,0.3850539525,2.24203285827,0.272273481568,3.50553788882e-16,0.896301234654
2.48,0.394813646536,0.394813646536,2.2865422075,0.278954717376,1.40221515553e-16,0.895594663016
2.4899999999999998,0.404768454843,0.404768454843,2.33165898937,0.285772022018,1.75276894441e-16,0.894888130956
2.5,0.414920998002,0.414920998002,2.37738418678,0.292727603445,2.80443031106e-16,0.894181640625
2.51,0.4252739042,0.425273904199,2.42371830469,0.29982369637,3.15498409994e-16,0.893475194169
2.52,0.435829826976,0.435829826976,2.4706619878,0.307062562483,1.75276894441e-16,0.89276879372
2.53,0.446591351143,0.446591351143,2.51821567004,0.314446490671,2.45387652217e-16,0.892062441405
2.54,0.457561333395,0.457561333395,2.56637941282,0.321977797228,2.10332273329e-16,0.891356139336
2.55,0.468742313527,0.468742313527,2.61515346686,0.329658826081,1.40221515553e-16,0.890649889619
2.56,0.480137192876,0.480137192876,2.66453761674,0.337491949004,2.80443031106e-16,0.889943694348
2.57,0.491748543313,0.491748543312,2.71453151808,0.345479565838,2.10332273329e-16,0.889237555609
2.5799999999999996,0.503579315477,0.503579315477,2.76513468217,0.353624104713,2.80443031106e-16,0.888531475476
2.59,0.515632232128,0.515632232128,2.81634680868,0.361928022269,3.50553788882e-16,0.887825456014
2.5999999999999996,0.527910014939,0.527910014939,2.86816696474,0.370393803878,2.80443031106e-16,0.88711949928
2.61,0.540415696191,0.540415696191,2.92059414744,0.379023963867,3.50553788882e-16,0.886413607319
2.6199999999999997,0.553152078403,0.553152078403,2.97362753232,0.387821045742,2.80443031106e-16,0.885707782166
2.63,0.566122067787,0.566122067787,3.02726589053,0.396787622415,1.75276894441e-16,0.885002025847
2.6399999999999997,0.579328602064,0.579328602064,3.08150779573,0.405926296426,2.10332273329e-16,0.88429634038
2.65,0.592774684876,0.592774684876,3.13635228741,0.415239700172,2.10332273329e-16,0.883590727769
2.6599999999999997,0.60646330255,0.60646330255,3.19179724281,0.424730496134,3.50553788882e-16,0.882885190012
2.67,0.620397525482,0.620397525482,3.24784137439,0.434401377106,2.10332273329e-16,0.882179729095
2.6799999999999997,0.634580347176,0.634580347176,3.30448287047,0.444255066424,2.80443031106e-16,0.881474346995
2.69,0.649014905412,0.649014905412,3.36172000634,0.454294318193,2.80443031106e-16,0.88076904568
2.6999999999999997,0.663704482118,0.663704482118,3.41955087002,0.464521917524,4.20664546659e-16,0.880063827105
2.71,0.67865220321,0.67865220321,3.47797342133,0.47494068076,2.80443031106e-16,0.879358693219
2.7199999999999998,0.693861234329,0.693861234329,3.53698541209,0.485553455712,2.80443031106e-16,0.878653645959
2.73,0.709335032693,0.709335032693,3.59658534101,0.496363121891,3.8560916777e-16,0.877948687253
2.7399999999999998,0.725076960363,0.725076960363,3.65677042486,0.507372590744,3.8560916777e-16,0.877243819019
2.75,0.74109025931,0.74109025931,3.71753884183,0.518584805887,2.80443031106e-16,0.876539043164
2.76,0.757378540432,0.757378540432,3.77888845266,0.530002743342,5.25830683323e-16,0.875834361587
2.77,0.77394524939,0.77394524939,3.84081670004,0.541629411776,3.15498409994e-16,0.875129776177
2.78,0.790793915376,0.790793915376,3.90332175124,0.553467852736,1.40221515553e-16,0.874425288811
2.79,0.807928346321,0.807928346321,3.96640116392,0.565521140889,4.55719925547e-16,0.873720901359
2.8,0.825352082101,0.825352082101,4.03005280932,0.57779238426,3.8560916777e-16,0.87301661568
2.81,0.843069076223,0.843069076223,4.09427444747,0.590284724475,5.60886062211e-16,0.872312433622
2.82,0.861083043861,0.861083043861,4.15906416159,0.603001337003,2.45387652217e-16,0.871608357025
2.8299999999999996,0.879397954687,0.879397954687,4.22441953092,0.615945431392,4.90775304435e-16,0.870904387718
2.84,0.898017807789,0.898017807789,4.29033895239,0.62912025152,5.25830683323e-16,0.870200527521
2.8499999999999996,0.916946633742,0.916946633742,4.35682021817,0.642529075833,3.50553788882e-16,0.869496778244
2.86,0.936188583469,0.936188583469,4.42386155241,0.656175217592,4.20664546659e-16,0.868793141686
2.8699999999999997,0.955748012614,0.955748012614,4.49146117487,0.670062025119,4.90775304435e-16,0.868089619638
2.88,0.975629256461,0.975629256461,4.55961762281,0.684192882044,3.50553788882e-16,0.86738621388
2.8899999999999997,0.995836724843,0.995836724842,4.62832904441,0.698571207549,2.10332273329e-16,0.866682926182
2.9,1.01637483044,1.01637483044,4.69759410433,0.713200456621,4.20664546659e-16,0.865979758305
2.9099999999999997,1.03724822677,1.03724822677,4.76741191248,0.728084120295,4.20664546659e-16,0.865276712
2.92,1.05846162551,1.05846162551,4.83778092967,0.74322572591,3.50553788882e-16,0.864573789007
2.9299999999999997,1.08002002531,1.08002002531,4.90870051704,0.758628837358,5.60886062211e-16,0.863870991059
2.94,1.1019281401,1.1019281401,4.98016978861,0.774297055333,4.20664546659e-16,0.863168319876
2.9499999999999997,1.12419105165,1.12419105165,5.05218822381,0.790234017585,4.90775304435e-16,0.862465777169
2.96,1.1468138244,1.1468138244,5.1247552929,0.806443399176,4.90775304435e-16,0.861763364641
2.9699999999999998,1.16980196809,1.16980196809,5.19787112542,0.822928912731,5.60886062211e-16,0.861061083983
2.98,1.19316049635,1.19316049635,5.27153563634,0.839694308693,4.20664546659e-16,0.860358936877
2.9899999999999998,1.21689528946,1.21689528946,5.34574889436,0.856743375581,6.30996819988e-16,0.859656924995
3.0,1.24101164874,1.24101164874,5.42051168132,0.874079940246,7.01107577764e-16,0.85895505
3.01,1.26551535999,1.26551535999,5.49582483131,0.891707868128,5.60886062211e-16,0.858253313544
3.02,1.29041232302,1.29041232302,5.57168874879,0.909631063516,4.90775304435e-16,0.85755171727
3.03,1.3157086731,1.3157086731,5.64810554378,0.927853469807,6.30996819988e-16,0.856850262811
3.04,1.3414103197,1.3414103197,5.72507609172,0.946379069763,4.20664546659e-16,0.85614895179
3.05,1.3675234719,1.3675234719,5.80260254829,0.965211885779,6.30996819988e-16,0.855447785819
3.06,1.39405483304,1.39405483304,5.8806864355,0.984355980137,4.90775304435e-16,0.854746766503
3.07,1.42101051643,1.42101051643,5.9593312395,1.00381545528,4.20664546659e-16,0.854045895435
3.08,1.448397632,1.44839763199,6.03853851142,1.02359445405,7.71218335541e-16,0.853345174198
3.09,1.47622255834,1.47622255834,6.11831176643,1.04369716,7.71218335541e-16,0.852644604367
3.0999999999999996,1.50449241506,1.50449241506,6.1986544966,1.06412779761,6.30996819988e-16,0.851944187505
3.11,1.53321435698,1.53321435698,6.27956943626,1.08489063257,7.01107577764e-16,0.851243925167
3.1199999999999997,1.56239592456,1.56239592456,6.36106138442,1.10598997208,6.30996819988e-16,0.850543818897
3.13,1.59204374549,1.59204374549,6.44313434893,1.12743016505,7.01107577764e-16,0.84984387023
3.1399999999999997,1.6221661576,1.6221661576,6.52579215058,1.14921560244,7.71218335541e-16,0.849144080691
3.15,1.6527702412,1.6527702412,6.60904054359,1.17135071748,7.01107577764e-16,0.848444451794
3.1599999999999997,1.68386443455,1.68386443455,6.6928848449,1.19383998597,7.01107577764e-16,0.847744985045
3.17,1.71545635691,1.71545635691,6.7773298124,1.21668792652,6.30996819988e-16,0.847045681938
3.1799999999999997,1.74755415424,1.74755415424,6.86238145904,1.23989910088,7.01107577764e-16,0.84634654396
3.19,1.78016626701,1.78016626701,6.94804668739,1.26347811413,7.01107577764e-16,0.845647572585
3.1999999999999997,1.81330116507,1.81330116507,7.03433115221,1.28742961504,7.71218335541e-16,0.84494876928
3.21,1.84696787805,1.84696787805,7.12124201193,1.31175829627,7.01107577764e-16,0.844250135501
3.2199999999999998,1.88117468382,1.88117468382,7.20878664569,1.33646889471,7.71218335541e-16,0.843551672693
3.23,1.91593070197,1.91593070197,7.29697271637,1.36156619171,8.41329093317e-16,0.842853382293
3.2399999999999998,1.95124512919,1.95124512919,7.38580723812,1.38705501338,8.41329093317e-16,0.842155265728
3.25,1.98712722973,1.98712722973,7.47529939428,1.41294023086,7.01107577764e-16,0.841457324414
3.26,2.0235866069,2.0235866069,7.56545731217,1.43922676061,8.41329093317e-16,0.840759559758
3.27,2.0606327761,2.0606327761,7.65628958819,1.46591956467,7.01107577764e-16,0.840061973157
3.28,2.09827553431,2.09827553431,7.74780572782,1.49302365097,7.01107577764e-16,0.839364565998
3.29,2.13652505987,2.13652505987,7.84001518638,1.52054407358,9.8155060887e-16,0.838667339658
3.3,2.17539159182,2.17539159182,7.93292772792,1.54848593302,9.11439851094e-16,0.837970295505
3.31,2.21488497362,2.21488497362,8.02655332429,1.57685437653,9.8155060887e-16,0.837273434897
3.32,2.25501585413,2.25501585413,8.12090286577,1.60565459834,9.8155060887e-16,0.836576759181
3.33,2.29579522538,2.29579522538,8.21598681156,1.63489183999,6.30996819988e-16,0.835880269696
3.34,2.33723324324,2.33723324324,8.31181566268,1.66457139059,1.1918828822e-15,0.835183967769
3.3499999999999996,2.37934197569,2.37934197569,8.40840187115,1.69469858713,9.8155060887e-16,0.834487854719
3.36,2.42213145629,2.42213145629,8.50575620328,1.72527881472,9.8155060887e-16,0.833791931855
3.3699999999999997,2.46561365019,2.46561365019,8.6038911692,1.75631750695,9.11439851094e-16,0.833096200475
3.38,2.50979957276,2.50979957276,8.70281829507,1.7878201461,7.01107577764e-16,0.832400661868
3.3899999999999997,2.55470162181,2.55470162181,8.80255075232,1.81979226351,1.05166136665e-15,0.831705317313
3.4,2.60033146365,2.60033146365,8.90310095108,1.85223943982,9.11439851094e-16,0.83101016808
3.4099999999999997,2.64670035991,2.64670035991,9.00448179148,1.88516730526,7.71218335541e-16,0.830315215427
3.42,2.69382142918,2.69382142918,9.10670739578,1.91858153997,9.11439851094e-16,0.829620460605
3.4299999999999997,2.74170650105,2.74170650105,9.20979031424,1.95248787429,1.05166136665e-15,0.828925904853
3.44,2.79036823694,2.79036823694,9.31374477961,1.98689208903,9.8155060887e-16,0.828231549401
3.4499999999999997,2.83981958782,2.83981958782,9.41858508417,2.0218000158,7.71218335541e-16,0.827537395469
3.46,2.89007296689,2.89007296689,9.52432469696,2.05721753728,9.11439851094e-16,0.826843444267
3.4699999999999998,2.94114138133,2.94114138133,9.63097882378,2.09315058752,9.11439851094e-16,0.826149696996
3.48,2.99303828722,2.99303828722,9.7385618701,2.12960515226,9.11439851094e-16,0.825456154847
3.4899999999999998,3.04577717761,3.04577717761,9.84708829639,2.16658726921,9.11439851094e-16,0.824762818999
3.5,3.0993713587,3.0993713587,9.95657467483,2.20410302833,1.12177212442e-15,0.824069690625
3.51,3.15383422017,3.15383422017,10.067034704,2.2421585722,9.11439851094e-16,0.823376770885
3.52,3.20918028152,3.20918028152,10.1784850613,2.28076009624,9.11439851094e-16,0.82268406093
3.53,3.26542266972,3.26542266971,10.2909403574,2.31991384907,9.8155060887e-16,0.821991561902
3.54,3.32257647043,3.32257647043,10.4044173586,2.35962613276,1.26199363998e-15,0.821299274933
3.55,3.38065538654,3.38065538654,10.5189316092,2.39990330322,1.1918828822e-15,0.820607201144
3.56,3.43967425215,3.43967425215,10.6344995452,2.44075177041,1.12177212442e-15,0.819915341647
3.57,3.49964775287,3.49964775287,10.7511371977,2.4821779987,1.4723259133e-15,0.819223697545
3.58,3.56059025743,3.56059025743,10.8688619546,2.52418850716,9.8155060887e-16,0.81853226993
3.59,3.62251699867,3.62251699867,10.9876891061,2.56678986989,1.05166136665e-15,0.817841059884
3.5999999999999996,3.68544302923,3.68544302923,11.1076361038,2.60998871629,9.11439851094e-16,0.81715006848
3.61,3.74938379975,3.74938379975,11.2287200171,2.65379173142,1.54243667108e-15,0.816459296781
3.6199999999999997,3.81435471109,3.81435471109,11.3509575707,2.69820565624,1.26199363998e-15,0.815768745839
3.63,3.8803713683,3.8803713683,11.474365496,2.74323728799,1.4723259133e-15,0.815078416699
3.6399999999999997,3.9474489526,3.9474489526,11.5989618345,2.78889348048,1.33210439775e-15,0.814388310392
3.65,4.01560424952,4.01560424952,11.7247634571,2.83518114437,1.33210439775e-15,0.813698427944
3.6599999999999997,4.08485273358,4.08485273358,11.8517872341,2.88210724755,1.40221515553e-15,0.813008770367
3.67,4.1552104136,4.1552104136,11.9800517701,2.92967881537,1.54243667108e-15,0.812319338666
3.6799999999999997,4.22669447335,4.22669447335,12.1095736251,2.97790293104,1.68265818663e-15,0.811630133834
3.69,4.29932033549,4.29932033549,12.2403707111,3.0267867359,1.96310121774e-15,0.810941156855
3.6999999999999997,4.37310543608,4.37310543608,12.3724600399,3.07633742972,1.26199363998e-15,0.810252408705
3.71,4.44806581006,4.44806581006,12.5058608714,3.12656227107,1.40221515553e-15,0.809563890347
3.7199999999999998,4.52421887738,4.52421887738,12.6405895139,3.17746857761,1.26199363998e-15,0.808875602737
3.73,4.60158186299,4.60158186299,12.7766644529,3.2290637264,1.54243667108e-15,0.808187546819
3.7399999999999998,4.68017146683,4.68017146683,12.9141033696,3.28135515425,1.68265818663e-15,0.807499723528
3.75,4.76000543708,4.76000543708,13.0529235793,3.33435035799,1.40221515553e-15,0.806812133789
3.76,4.84110110397,4.84110110397,13.1931440724,3.38805689487,1.12177212442e-15,0.806124778519
3.77,4.92347567917,4.92347567917,13.334781853,3.44248238282,1.54243667108e-15,0.805437658622
3.78,5.00714686094,5.00714686093,13.4778552193,3.49763450079,1.40221515553e-15,0.804750774994
3.79,5.09213346414,5.09213346414,13.6223812155,3.55352098908,1.82287970219e-15,0.804064128521
3.8,5.17845311368,5.17845311368,13.7683790829,3.61014964967,1.68265818663e-15,0.80337772008
3.81,5.26612285355,5.26612285355,13.9158659452,3.66752834655,1.68265818663e-15,0.802691550536
3.82,5.35516265717,5.35516265717,14.0648598454,3.72566500602,1.68265818663e-15,0.802005620747
3.83,5.44558918575,5.44558918575,14.2153780529,3.78456761706,1.68265818663e-15,0.801319931558
3.84,5.53742317451,5.53742317451,14.3674386898,3.84424423162,1.82287970219e-15,0.800634483806
3.8499999999999996,5.6306374147,5.6306374147,14.5213643222,3.90470296498,1.40221515553e-15,0.799949278319
3.86,5.72533647454,5.72533647454,14.6765750846,3.96595199605,1.68265818663e-15,0.799264315913
3.8699999999999997,5.82149825118,5.82149825118,14.8333815408,4.02799956775,1.82287970219e-15,0.798579597397
3.88,5.91914164236,5.91914164236,14.9918020293,4.09085398728,1.68265818663e-15,0.797895123566
3.8899999999999997,6.01828471799,6.01828471798,15.1518548389,4.15452362651,1.82287970219e-15,0.79721089521
3.9,6.11894861637,6.11894861637,15.3135558569,4.2190169223,1.96310121774e-15,0.796526913105
3.9099999999999997,6.22115062372,6.22115062372,15.4769239325,4.28434237679,1.96310121774e-15,0.79584317802
3.92,6.32491264189,6.32491264189,15.6419758028,4.35050855781,2.10332273329e-15,0.795159690713
3.9299999999999997,6.4302517336,6.4302517336,15.8087287358,4.41752409916,1.54243667108e-15,0.794476451932
3.94,6.53718940519,6.53718940519,15.9772004234,4.48539770098,1.96310121774e-15,0.793793462416
3.9499999999999997,6.64574546841,6.64574546841,16.1474085641,4.55413813006,1.68265818663e-15,0.793110722894
3.96,6.75593848128,6.75593848128,16.3193684244,4.62375422023,2.10332273329e-15,0.792428234084
3.9699999999999998,6.86778970959,6.86778970959,16.4930998827,4.69425487262,1.82287970219e-15,0.791745996695
3.98,6.98131800119,6.98131800119,16.6686182298,4.7656490561,1.96310121774e-15,0.791064011427
3.9899999999999998,7.09654607789,7.09654607789,16.8459396677,4.83794580753,1.96310121774e-15,0.790382278969
4.0,7.21349176592,7.21349176592,17.0250829262,4.91115423216,2.10332273329e-15,0.7897008
4.01,7.33217687595,7.33217687595,17.2060629332,4.98528350397,2.10332273329e-15,0.78901957519
4.02,7.45262262104,7.45262262104,17.3888972581,5.06034286598,1.82287970219e-15,0.7883386052
4.03,7.57484811471,7.57484811471,17.5736030126,5.13634163064,1.96310121774e-15,0.787657890678
4.04,7.69887576919,7.69887576919,17.7601948418,5.21328918015,2.24354424885e-15,0.786977432266
4.05,7.82472462236,7.82472462236,17.9486903526,5.2911949668,2.6642087955e-15,0.786297230594
4.06,7.95241649186,7.95241649186,18.1391054113,5.37006851334,2.10332273329e-15,0.785617286282
4.07,8.08197357746,8.08197357746,18.3314565501,5.44991941333,1.96310121774e-15,0.784937599941
4.08,8.21341619499,8.21341619499,18.5257587906,5.53075733147,2.24354424885e-15,0.784258172172
4.09,8.34676533437,8.34676533437,18.7220281832,5.61259200396,2.3837657644e-15,0.783579003566
4.1,8.48204193363,8.48204193363,18.9202799358,5.69543323887,1.82287970219e-15,0.782900094705
4.109999999999999,8.61926893976,8.61926893976,19.1205313073,5.77929091644,2.10332273329e-15,0.782221446159
4.12,8.75846753785,8.75846753785,19.3227967342,5.86417498952,1.96310121774e-15,0.781543058491
4.13,8.89965901533,8.89965901533,19.5270913849,5.95009548383,2.52398727995e-15,0.780864932252
4.14,9.04286313285,9.04286313285,19.7334301971,6.03706249838,2.24354424885e-15,0.780187067984
4.1499999999999995,9.18810521523,9.18810521523,19.9418291504,6.12508620581,2.10332273329e-15,0.779509466219
4.16,9.33540539823,9.33540539823,20.1523031639,6.21417685272,2.24354424885e-15,0.77883212748
4.17,9.48478628147,9.48478628147,20.3648654189,6.30434476007,2.10332273329e-15,0.778155052279
4.18,9.63626827331,9.63626827331,20.5795324752,6.39560032352,2.80443031106e-15,0.777478241118
4.1899999999999995,9.78987553966,9.78987553966,20.796317506,6.48795401377,2.52398727995e-15,0.776801694491
4.2,9.94562971156,9.94562971156,21.0152362822,6.58141637696,2.6642087955e-15,0.77612541288
4.21,10.1035522102,10.1035522102,21.2363015424,6.67599803499,2.6642087955e-15,0.775449396759
4.22,10.2636666515,10.2636666515,21.4595278329,6.77170968591,2.3837657644e-15,0.774773646591
4.2299999999999995,10.4259936793,10.4259936793,21.6849295896,6.8685621043,2.3837657644e-15,0.774098162829
4.24,10.5905581972,10.5905581972,21.912520465,6.96656614156,2.6642087955e-15,0.773422945917
4.25,10.7573808626,10.7573808626,22.1423136996,7.06573272636,2.52398727995e-15,0.772747996289
4.26,10.9264846122,10.9264846122,22.3743216845,7.16607286497,2.24354424885e-15,0.772073314369
4.27,11.0978937533,11.0978937533,22.6085609829,7.2675976416,2.80443031106e-15,0.771398900571
4.28,11.2716283439,11.2716283439,22.8450406551,7.37031821882,2.6642087955e-15,0.7707247553
4.29,11.4477121632,11.4477121632,23.0837772286,7.47424583788,2.80443031106e-15,0.77005087895
4.3,11.6261700901,11.6261700901,23.3247805837,7.57939181912,3.36531637327e-15,0.769377271905
4.31,11.807022222,11.807022222,23.5680664506,7.68576756231,2.6642087955e-15,0.768703934541
4.32,11.9902928549,11.9902928549,23.8136446866,7.79338454704,2.52398727995e-15,0.768030867223
4.33,12.1760051712,12.1760051712,24.061529354,7.90225433305,2.3837657644e-15,0.767358070305
4.34,12.3641810339,12.3641810339,24.3117318612,8.01238856069,2.94465182661e-15,0.766685544134
4.35,12.5548452891,12.5548452891,24.5642630139,8.12379895119,2.80443031106e-15,0.766013289044
4.36,12.748019926,12.748019926,24.8191358279,8.23649730712,2.6642087955e-15,0.765341305362
4.37,12.9437272844,12.9437272844,25.0763627917,8.35049551269,2.94465182661e-15,0.764669593403
4.38,13.1419929309,13.1419929309,25.3359543621,8.4658055342,2.6642087955e-15,0.763998153474
4.39,13.3428385451,13.3428385451,25.5979221347,8.58243942035,3.08487334216e-15,0.763326985871
4.3999999999999995,13.5462864984,13.5462864984,25.8622775262,8.70040930268,2.80443031106e-15,0.76265609088
4.41,13.7523636657,13.7523636657,26.1290318929,8.8197273959,2.24354424885e-15,0.761985468778
4.42,13.9610883972,13.9610883972,26.3981934123,8.94040599828,2.3837657644e-15,0.761315119831
4.43,14.1724882886,14.1724882886,26.6697750474,9.06245749204,3.36531637327e-15,0.760645044297
4.4399999999999995,14.3865835968,14.3865835968,26.943784926,9.18589434374,2.94465182661e-15,0.759975242422
4.45,14.6033985287,14.6033985287,27.2202360246,9.31072910465,3.22509485772e-15,0.759305714444
4.46,14.8229581864,14.8229581864,27.4991372554,9.43697441111,2.6642087955e-15,0.758636460591
4.47,15.0452835665,15.0452835665,27.7804982537,9.56464298495,2.80443031106e-15,0.757967481079
4.4799999999999995,15.2704003398,15.2704003398,28.064329455,9.69374763388,3.50553788882e-15,0.757298776117
4.49,15.4983310136,15.4983310136,28.3506380365,9.82430125182,2.94465182661e-15,0.756630345903
4.5,15.7290985784,15.7290985784,28.6394360541,9.95631681936,3.64575940437e-15,0.755962190625
4.51,15.9627252273,15.9627252273,28.9307289863,10.0898074041,3.08487334216e-15,0.755294310461
4.52,16.1992378991,16.1992378991,29.2245305148,10.224786161,3.08487334216e-15,0.75462670558
4.53,16.4386552259,16.4386552259,29.5208443649,10.3612663329,3.36531637327e-15,0.75395937614
4.54,16.6810053238,16.6810053238,29.819681776,10.4992612507,3.50553788882e-15,0.75329232229
4.55,16.9263085819,16.9263085819,30.1210513653,10.6387843341,3.36531637327e-15,0.752625544169
4.56,17.1745886274,17.1745886274,30.4249592863,10.7798490915,3.36531637327e-15,0.751959041907
4.57,17.4258684057,17.4258684057,30.7314133944,10.9224691209,3.36531637327e-15,0.751292815622
4.58,17.6801722379,17.6801722379,31.0404222024,11.0666581099,3.36531637327e-15,0.750626865424
4.59,17.9375237747,17.9375237747,31.3519910556,11.2124298362,3.64575940437e-15,0.749961191414
4.6,18.197944465,18.197944465,31.6661310129,11.3597981683,3.36531637327e-15,0.74929579368
4.61,18.4614595416,18.4614595416,31.9828472623,11.5087770655,3.36531637327e-15,0.748630672303
4.62,18.7280898548,18.7280898548,32.3021433109,11.6593805782,3.36531637327e-15,0.747965827353
4.63,18.9978592268,18.9978592268,32.6240293482,11.8116228489,3.22509485772e-15,0.74730125889
4.64,19.2707910562,19.2707910562,32.9485114049,11.965518112,3.64575940437e-15,0.746636966965
4.6499999999999995,19.546908292,19.546908292,33.2755929136,12.1210806946,3.64575940437e-15,0.745972951619
4.66,19.8262341004,19.8262341004,33.6052814756,12.2783250166,3.36531637327e-15,0.745309212882
4.67,20.1087891546,20.1087891546,33.9375838458,12.4372655913,3.08487334216e-15,0.744645750776
4.68,20.3945979946,20.3945979946,34.2725018307,12.5979170257,4.20664546659e-15,0.743982565312
4.6899999999999995,20.68368356,20.68368356,34.6100437203,12.7602940209,4.20664546659e-15,0.743319656491
4.7,20.9760675573,20.9760675573,34.9502121085,12.9244113727,3.08487334216e-15,0.742657024305
4.71,21.2717733413,21.2717733413,35.2930119847,13.0902839715,3.92620243548e-15,0.741994668735
4.72,21.5708217797,21.5708217797,35.6384475192,13.2579268036,3.08487334216e-15,0.741332589754
4.7299999999999995,21.8732351231,21.8732351231,35.9865253451,13.4273549505,3.36531637327e-15,0.740670787324
4.74,22.1790387848,22.1790387848,36.337246295,13.5985835902,4.20664546659e-15,0.740009261396
4.75,22.4882512328,22.4882512328,36.690613614,13.7716279971,4.48708849769e-15,0.739348011914
4.76,22.8008939577,22.8008939577,37.0466321461,13.9465035427,3.08487334216e-15,0.73868703881
4.77,23.1169922834,23.1169922834,37.4053052875,14.1232256959,4.48708849769e-15,0.738026342006
4.78,23.4365659193,23.4365659193,37.766634499,14.3018100233,4.20664546659e-15,0.737365921416
4.79,23.7596359688,23.7596359688,38.1306230309,14.4822721898,3.36531637327e-15,0.736705776943
4.8,24.0862240436,24.0862240436,38.4972723614,14.6646279588,4.48708849769e-15,0.73604590848
4.81,24.4163541821,24.4163541821,38.8665848745,14.8488931928,3.92620243548e-15,0.735386315911
4.82,24.7500439951,24.7500439951,39.2385645642,15.0350838539,4.7675315288e-15,0.734726999108
4.83,25.0873168925,25.0873168925,39.6132078805,15.2232160038,3.36531637327e-15,0.734067957937
4.84,25.4281908869,25.4281908869,39.9905188144,15.4133058047,4.20664546659e-15,0.733409192251
4.85,25.7726902002,25.7726902002,40.3704988591,15.6053695193,3.64575940437e-15,0.732750701894
4.86,26.1208320334,26.1208320334,40.7531469155,15.7994235117,4.20664546659e-15,0.732092486701
4.87,26.4726438526,26.4726438526,41.1384669205,15.9954842473,4.7675315288e-15,0.731434546495
4.88,26.8281334978,26.8281334978,41.5264519305,16.1935682935,3.92620243548e-15,0.730776881093
4.89,27.1873319485,27.1873319485,41.9171067625,16.39369232,3.64575940437e-15,0.730119490298
4.8999999999999995,27.5502540337,27.5502540337,42.310431123,16.5958730996,3.08487334216e-15,0.729462373905
4.91,27.9169236111,27.9169236111,42.7064213413,16.8001275078,3.92620243548e-15,0.7288055317
4.92,28.2873589691,28.2873589691,43.1050805598,17.0064725243,3.08487334216e-15,0.728148963459
4.93,28.6615736559,28.6615736559,43.5064034698,17.2149252325,3.64575940437e-15,0.727492668946
4.9399999999999995,29.0395894147,29.0395894147,43.9103855075,17.4255028204,3.36531637327e-15,0.726836647917
4.95,29.4214320711,29.4214320711,44.3170339294,17.6382225808,4.48708849769e-15,0.726180900119
4.96,29.8071123244,29.8071123244,44.7263385266,17.8531019121,4.20664546659e-15,0.725525425287
4.97,30.1966547135,30.1966547135,45.1382996372,18.0701583181,3.36531637327e-15,0.724870223148
4.9799999999999995,30.5900741919,30.5900741919,45.5529128413,18.2894094092,4.48708849769e-15,0.724215293417
4.99,30.9873845343,30.9873845343,45.970176128,18.510872902,3.36531637327e-15,0.723560635803
5.0,31.3886101791,31.3886101791,46.3900850835,18.7345666205,3.36531637327e-15,0.72290625
5.01,31.793767739,31.793767739,46.8126359216,18.960508496,3.92620243548e-15,0.722252135697
5.02,32.202873388,32.202873388,47.2378258551,19.1887165677,4.7675315288e-15,0.721598292569
5.03,32.615947514,32.615947514,47.6656479169,19.4192089832,2.80443031106e-15,0.720944720286
5.04,33.0330016554,33.0330016554,48.096101666,19.6520039989,3.64575940437e-15,0.720291418503
5.05,33.4540549077,33.4540549077,48.529176787,19.8871199804,3.92620243548e-15,0.719638386869
5.06,33.8791205734,33.8791205734,48.9648696513,20.1245754029,4.48708849769e-15,0.718985625021
5.07,34.3082197397,34.3082197397,49.4031732178,20.3643888517,5.32841759101e-15,0.718333132588
5.08,34.741369408,34.741369408,49.8440880112,20.6065790226,5.0479745599e-15,0.717680909187
5.09,35.1785804133,35.1785804133,50.2876002293,20.8511647224,3.36531637327e-15,0.717028954426
5.1,35.619870335,35.619870335,50.733704693,21.0981648692,5.32841759101e-15,0.716377267905
5.11,36.0652516021,36.0652516021,51.1823959483,21.3475984931,2.80443031106e-15,0.715725849212
5.12,36.5147451571,36.5147451571,51.6336671037,21.5994847363,4.20664546659e-15,0.715074697925
5.13,36.9683589988,36.9683589988,52.0875093451,21.8538428537,5.0479745599e-15,0.714423813613
5.14,37.4261106362,37.4261106362,52.5439141463,22.1106922136,3.92620243548e-15,0.713773195837
5.1499999999999995,37.8880155544,37.8880155544,53.0028769206,22.3700522977,4.48708849769e-15,0.713122844144
5.16,38.3540828774,38.3540828774,53.4643816114,22.6319427016,5.32841759101e-15,0.712472758075
5.17,38.8243283314,38.8243283314,53.9284260945,22.8963831358,3.64575940437e-15,0.711822937159
5.18,39.2987654216,39.2987654216,54.3949976966,23.1633934252,4.48708849769e-15,0.711173380916
5.1899999999999995,39.7774063364,39.7774063364,54.8640894881,23.4329935106,4.20664546659e-15,0.710524088857
5.2,40.2602673436,40.2602673436,55.335690991,23.7052034482,4.48708849769e-15,0.70987506048
5.21,40.7473506684,40.7473506684,55.8097878885,23.9800434107,3.64575940437e-15,0.709226295277
5.22,41.2386774133,41.2386774133,56.2863731397,24.2575336875,4.48708849769e-15,0.708577792728
5.2299999999999995,41.7342579458,41.7342579458,56.7654367113,24.537694685,4.7675315288e-15,0.707929552304
5.24,42.2341028377,42.2341028377,57.2469680166,24.8205469275,5.0479745599e-15,0.707281573466
5.25,42.7382183684,42.7382183684,57.7309504407,25.1061110571,4.48708849769e-15,0.706633855664
5.26,43.2466178146,43.2466178146,58.2173793723,25.3944078346,3.36531637327e-15,0.70598639834
5.27,43.7593151049,43.7593151049,58.7062354675,25.6854581396,4.20664546659e-15,0.705339200926
5.28,44.2763153442,44.2763153442,59.197513506,25.9792829713,5.0479745599e-15,0.704692262842
5.29,44.7976328818,44.7976328818,59.6911940835,26.2759034486,4.20664546659e-15,0.704045583501
5.3,45.3232701155,45.3232701155,60.1872704188,26.575340811,4.48708849769e-15,0.703399162305
5.31,45.8532442051,45.8532442051,60.6857238917,26.8776164185,4.48708849769e-15,0.702752998645
5.32,46.3875545565,46.3875545565,61.1865461522,27.1827517526,3.92620243548e-15,0.702107091904
5.33,46.9262165318,46.9262165318,61.689718507,27.4907684163,4.7675315288e-15,0.701461441454
5.34,47.4692381999,47.4692381999,62.195228361,27.8016881348,4.48708849769e-15,0.700816046658
5.35,48.0166217212,48.0166217212,62.7030615569,28.1155327561,4.48708849769e-15,0.700170906869
5.36,48.568378665,48.568378665,63.2132037022,28.4323242511,5.0479745599e-15,0.699526021429
5.37,49.1245160224,49.1245160224,63.7256421554,28.7520847144,4.48708849769e-15,0.698881389672
5.38,49.6850363808,49.6850363808,64.2403560513,29.0748363644,3.92620243548e-15,0.698237010921
5.39,50.2499536578,50.2499536578,64.7573318959,29.4006015441,5.32841759101e-15,0.697592884489
5.3999999999999995,50.819260508,50.819260508,65.2765554621,29.7294027215,4.20664546659e-15,0.69694900968
5.41,51.3929798062,51.3929798062,65.7980108533,30.06126249,3.92620243548e-15,0.696305385788
5.42,51.9711046673,51.9711046673,66.3216799526,30.3962035686,3.92620243548e-15,0.695662012096
5.43,52.5536430694,52.5536430694,66.8475465648,30.7342488031,3.64575940437e-15,0.69501888788
5.4399999999999995,53.1405921424,53.1405921424,67.3755899081,31.0754211656,3.92620243548e-15,0.694376012403
5.45,53.7319682012,53.7319682012,67.9058002208,31.4197437558,4.20664546659e-15,0.693733384919
5.46,54.3277711451,54.3277711451,68.4381564008,31.767239801,4.48708849769e-15,0.693091004674
5.47,54.928003155,54.928003155,68.9726395403,32.1179326569,4.48708849769e-15,0.692448870902
5.4799999999999995,55.5326722808,55.5326722808,69.5092344767,32.4718458076,3.08487334216e-15,0.691806982828
5.49,56.1417718412,56.1417718412,70.0479190103,32.8290028666,5.0479745599e-15,0.691165339667
5.5,56.755314176,56.755314176,70.5886797351,33.1894275768,4.20664546659e-15,0.690523940625
5.51,57.373291677,57.373291677,71.131495141,33.5531438113,3.36531637327e-15,0.689882784897
5.52,57.9957113459,57.9957113459,71.6763420187,33.9201755739,4.20664546659e-15,0.689241871669
5.53,58.6225798369,58.6225798369,72.2232112583,34.2905469993,4.48708849769e-15,0.688601200117
5.54,59.1835445874,59.1835445874,72.7229496904,34.6642823537,4.20664546659e-15,0.687960769407
5.55,59.8169390938,59.8169390938,73.2722095034,35.0414060354,4.7675315288e-15,0.687320578694
5.56,60.4547117504,60.4547117504,73.8233804381,35.4219425751,4.20664546659e-15,0.686680627126
5.57,61.0943580124,61.0943580124,74.3756927581,35.8059166366,3.64575940437e-15,0.686040913839
5.58,61.7407836098,61.7407836098,74.9306006689,36.1933530169,3.64575940437e-15,0.685401437959
5.59,62.3915655594,62.3915655594,75.4873542993,36.5842766471,4.7675315288e-15,0.684762198604
5.6,63.0467195809,63.0467195809,76.0459424127,36.9787125926,3.64575940437e-15,0.68412319488
5.61,63.706232949,63.706232949,76.6063359689,37.3766860538,3.92620243548e-15,0.683484425885
5.62,64.3701000658,64.3701000658,77.1685103354,37.7782223664,3.92620243548e-15,0.682845890706
5.63,65.038321832,65.038321832,77.7324421451,38.1833470019,5.32841759101e-15,0.682207588421
5.64,65.7108924848,65.7108924848,78.2981202916,38.5920855682,5.0479745599e-15,0.681569518098
5.6499999999999995,66.3878145673,66.3878145673,78.8655156613,39.0044638099,5.0479745599e-15,0.680931678794
5.66,67.0690717976,67.0690717976,79.4346027428,39.4205076091,3.92620243548e-15,0.680294069558
5.67,67.7546632935,67.7546632935,80.0053592422,39.8402429855,2.80443031106e-15,0.679656689427
5.68,68.4445782766,68.4445782766,80.5777606373,40.2636960973,3.36531637327e-15,0.679019537431
5.6899999999999995,69.1388339771,69.1388339771,81.151797487,40.6908932412,4.48708849769e-15,0.678382612587
5.7,69.8373931864,69.8373931864,81.7274249257,41.1218608533,3.92620243548e-15,0.677745913905
5.71,70.5402695437,70.5402695437,82.3046401012,41.5566255095,3.64575940437e-15,0.677109440384
5.72,71.247451805,71.247451805,82.8834055098,41.9952139259,3.36531637327e-15,0.676473191012
5.7299999999999995,71.9589264724,71.9589264724,83.4636974633,42.4376529592,3.92620243548e-15,0.675837164769
5.74,72.6747025764,72.6747025764,84.0455060481,42.8839696076,5.0479745599e-15,0.675201360625
5.75,73.3947514294,73.3947514294,84.6287868436,43.3341910108,3.64575940437e-15,0.674565777539
5.76,74.1190872173,74.1190872173,85.2135374972,43.7883444508,4.20664546659e-15,0.673930414461
5.77,74.8476732021,74.8476732021,85.7997134194,44.2464573523,4.20664546659e-15,0.673295270331
5.78,75.58052955,75.58052955,86.3873041314,44.7085572832,4.48708849769e-15,0.672660344079
5.79,76.3176437465,76.3176437465,86.9762861308,45.174671955,3.08487334216e-15,0.672025634625
5.8,77.0589904572,77.0589904572,87.5666231099,45.6448292237,3.92620243548e-15,0.67139114088
5.81,77.8045759307,77.8045759307,88.1583041576,46.1190570897,2.24354424885e-15,0.670756861745
5.82,78.5543775605,78.5543775605,88.7512928935,46.5973836989,2.52398727995e-15,0.67012279611
5.83,79.3083990604,79.3083990604,89.3455780958,47.0798373425,3.08487334216e-15,0.669488942857
5.84,80.0666242063,80.0666242063,89.9411233746,47.5664464582,3.64575940437e-15,0.668855300856
5.85,80.8290362701,80.8290362701,90.5379049873,48.0572396305,3.92620243548e-15,0.668221868969
5.86,81.5956424391,81.5956424391,91.1359063537,48.5522455909,2.24354424885e-15,0.667588646048
5.87,82.3664209941,82.3664209941,91.7350968932,49.0514932187,3.08487334216e-15,0.666955630934
5.88,83.1413578215,83.1413578215,92.3354528437,49.5550115413,3.08487334216e-15,0.666322822459
5.89,83.9204467124,83.9204467123,92.9369518853,50.0628297351,2.52398727995e-15,0.665690219445
5.8999999999999995,84.7036756606,84.7036756606,93.5395620869,50.5749771254,2.52398727995e-15,0.665057820705
5.91,85.4910359108,85.4910359108,94.1432662818,51.0914831877,3.64575940437e-15,0.66442562504
5.92,86.282521223,86.282521223,94.7480435313,51.6123775473,3.92620243548e-15,0.663793631244
5.93,87.0781046455,87.0781046455,95.3538611477,52.1376899805,2.80443031106e-15,0.663161838099
5.9399999999999995,87.8777873161,87.8777873161,95.9606960841,52.6674504148,3.36531637327e-15,0.662530244378
5.95,88.681545407,88.681545407,96.5685180431,53.2016889295,3.36531637327e-15,0.661898848844
5.96,89.4893871324,89.4893871324,97.1773179993,53.7404357563,3.64575940437e-15,0.66126765025
5.97,90.3012801725,90.3012801725,97.7870578103,54.2837212796,3.08487334216e-15,0.66063664734
5.9799999999999995,91.1172241453,91.1172241453,98.397720881,54.8315760372,3.36531637327e-15,0.660005838848
5.99,91.937197477,91.937197477,99.0092768658,55.3840307205,2.80443031106e-15,0.659375223496
6.0,92.7611988923,92.7611988923,99.6217094134,55.9411161757,3.08487334216e-15,0.6587448
6.01,93.5892074644,93.5892074644,100.234987778,56.5028634035,4.48708849769e-15,0.658114567063
6.02,94.4212133949,94.4212133949,100.849087686,57.0693035602,3.36531637327e-15,0.657484523379
6.03,95.2572003408,95.2572003408,101.463987661,57.6404679578,3.08487334216e-15,0.656854667633
6.04,96.0971684297,96.0971684297,102.079668758,58.216388065,3.64575940437e-15,0.6562249985
6.05,96.9410809636,96.9410809636,102.696095051,58.7970955073,2.80443031106e-15,0.655595514644
6.06,97.7889508636,97.7889508636,103.313256257,59.3826220676,1.40221515553e-15,0.65496621472
6.07,98.6407378134,98.6407378134,103.931115045,59.972999687,2.24354424885e-15,0.654337097374
6.08,99.4964575995,99.4964575995,104.54966105,60.5682604649,2.80443031106e-15,0.653708161241
6.09,100.356083335,100.356083335,105.168865214,61.1684366598,3.08487334216e-15,0.653079404946
6.1,101.219595749,101.219595749,105.78870314,61.7735606898,2.80443031106e-15,0.652450827105
6.11,102.086985343,102.086985343,106.409150629,62.3836651332,2.52398727995e-15,0.651822426324
6.12,102.95824825,102.95824825,107.030192623,62.9987827288,2.24354424885e-15,0.651194201198
6.13,103.8333582,103.8333582,107.651796819,63.6189463764,2.24354424885e-15,0.650566150315
6.14,104.712310366,104.712310366,108.273947084,64.2441891377,2.52398727995e-15,0.649938272249
6.15,105.595092453,105.595092453,108.896619295,64.8745442365,2.52398727995e-15,0.649310565569
6.16,106.481683172,106.481683172,109.519791398,65.5100450593,1.68265818663e-15,0.64868302883
6.17,107.372081714,107.372081714,110.143445027,66.1507251559,2.52398727995e-15,0.64805566058
6.18,108.266264677,108.266264677,110.767550897,66.79661824,2.24354424885e-15,0.647428459355
6.1899999999999995,109.164217742,109.164217742,111.392090203,67.4477581894,1.40221515553e-15,0.646801423682
6.2,110.065938774,110.065938774,112.01704855,68.1041790469,1.96310121774e-15,0.64617455208
6.21,110.971402022,110.971402022,112.642393591,68.7659150207,2.24354424885e-15,0.645547843055
6.22,111.880598603,111.880598603,113.268108748,69.4330004847,3.08487334216e-15,0.644921295106
6.2299999999999995,112.793525145,112.793525145,113.894178014,70.1054699797,1.40221515553e-15,0.64429490672
6.24,113.710154101,113.710154101,114.520570801,70.783358213,1.40221515553e-15,0.643668676375
6.25,114.630479443,114.630479443,115.147275854,71.4667000599,1.96310121774e-15,0.643042602539
6.26,115.554496178,115.554496178,115.774270556,72.1555305633,1.96310121774e-15,0.642416683672
6.27,116.482185699,116.482185699,116.401537579,72.8498849351,1.12177212442e-15,0.641790918221
6.28,117.413528382,117.413528382,117.02905162,73.5497985562,2.52398727995e-15,0.641165304625
6.29,118.348520817,118.348520817,117.656798477,74.2553069771,1.40221515553e-15,0.640539841313
6.3,119.287151038,119.287151038,118.28475354,74.9664459188,1.12177212442e-15,0.639914526705
6.31,120.229399371,120.229399371,118.912899046,75.6832512727,2.24354424885e-15,0.639289359209
6.32,121.175253086,121.175253086,119.541217622,76.4057591019,8.41329093317e-16,0.638664337226
6.33,122.12472558,122.12472558,120.169699324,77.1340056411,1.12177212442e-15,0.638039459144
6.34,123.077763887,123.077763887,120.7983071,77.8680272975,8.41329093317e-16,0.637414723343
6.35,124.034389403,124.034389403,121.427038068,78.6078606514,5.60886062211e-16,0.636790128194
6.36,124.994582718,124.994582718,122.05587532,79.3535424562,5.60886062211e-16,0.636165672056
6.37,125.958326997,125.958326997,122.684792509,80.1051096398,8.41329093317e-16,0.635541353281
6.38,126.925611949,126.925611949,123.313776286,80.8625993044,0.0,0.634917170207
6.39,127.896436101,127.896436101,123.942811601,81.6260487275,1.12177212442e-15,0.634293121167
6.4,128.870780716,128.870780716,124.571879751,82.3954953623,1.12177212442e-15,0.63366920448
6.41,129.848621554,129.848621554,125.200959646,83.1709768381,1.68265818663e-15,0.633045418458
6.42,130.829983219,130.829983219,125.830049791,83.9525309612,1.12177212442e-15,0.632421761402
6.43,131.814828247,131.814828247,126.459118883,84.7401957151,0.0,0.631798231603
6.4399999999999995,132.803148265,132.803148265,127.088156683,85.5340092613,1.40221515553e-15,0.631174827343
6.45,133.794948891,133.794948891,127.717152838,86.3340099397,8.41329093317e-16,0.630551546894
6.46,134.790210519,134.790210519,128.346089555,87.1402362693,5.60886062211e-16,0.629928388517
6.47,135.788922118,135.788922118,128.974949852,87.9527269485,5.60886062211e-16,0.629305350464
6.4799999999999995,136.791089171,136.791089171,129.603724825,88.7715208561,2.80443031106e-16,0.628682430978
6.49,137.796687713,137.796687713,130.232393721,89.5966570513,5.60886062211e-16,0.628059628291
6.5,138.805706021,138.805706021,130.86094282,90.4281747749,-2.80443031106e-16,0.627436940625
6.51,139.818156456,139.818156456,131.48936767,91.2661134491,5.60886062211e-16,0.626814366193
6.52,140.834007014,140.834007014,132.117643612,92.1105126788,8.41329093317e-16,0.626191903199
6.53,141.853269649,141.853269649,132.745766935,92.9614122516,5.60886062211e-16,0.625569549834
6.54,142.875923218,142.875923218,133.373719721,93.8188521389,0.0,0.624947304283
6.55,143.901969071,143.901969071,134.001492789,94.6828724957,-8.41329093317e-16,0.624325164719
6.56,144.931393508,144.931393508,134.629068316,95.553513662,-2.80443031106e-16,0.623703129305
6.57,145.964200699,145.964200699,135.2564432,96.4308161629,-8.41329093317e-16,0.623081196195
6.58,147.000367448,147.000367448,135.883597505,97.3148207092,0.0,0.622459363533
6.59,148.039908712,148.039908712,136.510531618,98.205568198,-5.60886062211e-16,0.621837629453
6.6,149.082810747,149.082810747,137.137225382,99.1030997134,5.60886062211e-16,0.62121599208
6.61,150.129060647,150.129060647,137.763669317,100.007456527,-8.41329093317e-16,0.620594449527
6.62,151.178664572,151.178664572,138.389858697,100.918680098,-5.60886062211e-16,0.6199729999
6.63,152.231593123,152.231593123,139.015771245,101.836812074,-1.12177212442e-15,0.619351641293
6.64,153.287880548,153.287880548,139.641414425,102.761894293,-2.80443031106e-16,0.618730371791
6.65,154.347492519,154.347492519,140.266765369,103.693968783,-8.41329093317e-16,0.618109189469
6.66,155.410437429,155.410437429,140.891820298,104.633077759,-1.12177212442e-15,0.617488092393
6.67,156.476716635,156.476716635,141.516575924,105.579263631,-8.41329093317e-16,0.616867078618
6.68,157.546318437,157.546318437,142.141013359,106.532568998,-1.12177212442e-15,0.616246146189
6.6899999999999995,158.619222864,158.619222864,142.765122073,107.493036651,-8.41329093317e-16,0.615625293143
6.7,159.695467642,159.695467642,143.388914907,108.460709576,2.80443031106e-16,0.615004517505
6.71,160.775014016,160.775014016,144.012362915,109.435630949,-1.12177212442e-15,0.614383817292
6.72,161.857875101,161.857875101,144.635466173,110.417844142,-1.12177212442e-15,0.61376319051
6.7299999999999995,162.944052094,162.944052094,145.25821915,111.40739272,-2.24354424885e-15,0.613142635155
6.74,164.033548285,164.033548285,145.880618764,112.404320445,-2.80443031106e-15,0.612522149214
6.75,165.126336248,165.126336248,146.50264727,113.408671271,-1.68265818663e-15,0.611901730664
6.76,166.222442903,166.222442903,147.124307803,114.420489351,-1.68265818663e-15,0.611281377472
6.77,167.321861839,167.321861839,147.745596389,115.439819033,-1.40221515553e-15,0.610661087595
6.78,168.424594136,168.424594136,148.366503019,116.466704865,-1.12177212442e-15,0.610040858981
6.79,169.530617366,169.530617366,148.987015618,117.501191589,-8.41329093317e-16,0.609420689567
6.8,170.639973853,170.639973853,149.60714606,118.543324148,-1.96310121774e-15,0.60880057728
6.81,171.752630328,171.752630328,150.226874879,119.593147684,-1.40221515553e-15,0.608180520039
6.82,172.868591177,172.868591177,150.846200946,120.650707537,-2.24354424885e-15,0.607560515752
6.83,173.98787914,173.98787914,151.465123779,121.716049247,-1.96310121774e-15,0.606940562316
6.84,175.110473455,175.110473455,152.083637033,122.789218558,-5.60886062211e-16,0.606320657621
6.85,176.236396119,176.236396119,152.701739466,123.870261412,-2.52398727995e-15,0.605700799544
6.86,177.365645036,177.365645036,153.319430235,124.959223954,-1.12177212442e-15,0.605080985955
6.87,178.498198809,178.498198809,153.936692158,126.056152533,-2.52398727995e-15,0.604461214712
6.88,179.634111339,179.634111339,154.553546413,127.161093698,-1.96310121774e-15,0.603841483665
6.89,180.773317468,180.773317468,155.169956288,128.274094205,-3.08487334216e-15,0.603221790653
6.9,181.915882056,181.915882056,155.785952946,129.395201011,-1.68265818663e-15,0.602602133505
6.91,183.061801231,183.061801231,156.401526111,130.524461282,-2.80443031106e-15,0.601982510041
6.92,184.211054163,184.211054163,157.0166638,131.661922386,-3.36531637327e-15,0.60136291807
6.93,185.363665603,185.363665603,157.631370676,132.807631898,-2.52398727995e-15,0.600743355393
6.9399999999999995,186.519641083,186.519641083,158.245650021,133.961637601,-3.36531637327e-15,0.600123819799
6.95,187.678973089,187.678973089,158.859489277,135.123987484,-2.52398727995e-15,0.599504309069
6.96,188.841667255,188.841667255,159.472892996,136.294729745,-3.92620243548e-15,0.598884820974
6.97,190.007750261,190.007750261,160.085865694,137.473912788,-2.80443031106e-15,0.598265353273
6.9799999999999995,191.17720093,191.17720093,160.698396126,138.661585229,-2.80443031106e-15,0.597645903718
6.99,192.350061715,192.350061715,161.310498722,139.857795893,-2.80443031106e-15,0.59702647005
7.0,193.526322019,193.526322019,161.922166304,141.062593813,-3.08487334216e-15,0.59640705
7.01,194.705992131,194.705992131,162.533402315,142.276028237,-3.36531637327e-15,0.595787641289
7.02,195.889093264,195.889093264,163.144208684,143.498148621,-3.36531637327e-15,0.595168241629
7.03,197.075606162,197.075606162,163.754574746,144.729004634,-3.92620243548e-15,0.594548848721
7.04,198.265548143,198.265548143,164.364505024,145.96864616,-3.64575940437e-15,0.593929460257
7.05,199.458956818,199.458956818,164.974016818,147.217123292,-4.48708849769e-15,0.593310073919
7.06,200.655816997,200.655816997,165.583098601,148.47448634,-3.64575940437e-15,0.59269068738
7.07,201.856151196,201.856151196,166.19175557,149.740785829,-4.7675315288e-15,0.592071298301
7.08,203.059943569,203.059943569,166.799976655,151.016072497,-5.0479745599e-15,0.591451904335
7.09,204.267255361,204.267255361,167.407793344,152.300397299,-3.92620243548e-15,0.590832503126
7.1,205.478054402,205.478054402,168.015181584,153.593811406,-4.48708849769e-15,0.590213092305
7.11,206.692377828,206.692377828,168.622157354,154.896366207,-5.0479745599e-15,0.589593669496
7.12,207.910245247,207.910245247,169.228726514,156.208113306,-4.7675315288e-15,0.588974232312
7.13,209.131632471,209.131632471,169.834878392,157.529104529,-3.64575940437e-15,0.588354778356
7.14,210.356561171,210.356561171,170.440616793,158.859391917,-5.60886062211e-15,0.587735305222
7.15,211.585103817,211.585103817,171.045971344,160.199027732,-5.0479745599e-15,0.587115810494
7.16,212.817211998,212.817211998,171.650920475,161.548064458,-5.32841759101e-15,0.586496291745
7.17,214.052903661,214.052903661,172.255467116,162.906554797,-4.48708849769e-15,0.58587674654
7.18,215.292226173,215.292226173,172.859629721,164.274551673,-4.48708849769e-15,0.585257172433
7.1899999999999995,216.535185995,216.535185995,173.46341145,165.652108232,-5.32841759101e-15,0.584637566968
7.2,217.781767642,217.781767642,174.066802364,167.039277843,-5.0479745599e-15,0.58401792768
7.21,219.032056741,219.032056741,174.669834195,168.436114097,-5.32841759101e-15,0.583398252093
7.22,220.285999678,220.285999678,175.272484722,169.842670811,-3.92620243548e-15,0.582778537723
7.2299999999999995,221.54364258,221.54364258,175.874772254,171.259002023,-4.48708849769e-15,0.582158782075
7.24,222.805002474,222.805002474,176.476698316,172.685161999,-5.32841759101e-15,0.581538982643
7.25,224.07008506,224.07008506,177.078268543,174.12120523,-4.48708849769e-15,0.580919136914
7.26,225.338949091,225.338949091,177.679501178,175.567186431,-5.32841759101e-15,0.580299242363
7.27,226.506515305,226.506515305,178.195643232,177.023160548,-5.88930365322e-15,0.579679296455
7.28,227.780284424,227.780284424,178.794410899,178.48918275,-5.60886062211e-15,0.579059296647
7.29,229.057781343,229.057781343,179.392805481,179.965308438,-5.60886062211e-15,0.578439240385
7.3,230.339090195,230.339090195,179.990861377,181.45159324,-6.16974668433e-15,0.577819125105
7.31,231.624147785,231.624147785,180.588553177,182.948093012,-5.60886062211e-15,0.577198948234
7.32,232.913005931,232.913005931,181.185895827,184.454863843,-6.16974668433e-15,0.576578707187
7.33,234.205710549,234.205710549,181.78291002,185.97196205,-6.16974668433e-15,0.575958399373
7.34,235.502242965,235.502242965,182.37958493,187.499444184,-6.45018971543e-15,0.575338022188
7.35,236.753543068,236.753543068,182.955621571,189.037367025,-6.45018971543e-15,0.574717573019
7.36,238.056157213,238.056157213,183.551012861,190.585787587,-6.45018971543e-15,0.574097049244
7.37,239.362616769,239.362616769,184.146070396,192.144763117,-6.16974668433e-15,0.573476448229
7.38,240.672969766,240.672969766,184.740813746,193.714351097,-6.45018971543e-15,0.572855767334
7.39,241.987191927,241.987191927,185.335230107,195.294609242,-6.16974668433e-15,0.572235003905
7.4,243.305339809,243.305339809,185.929340265,196.885595502,-6.16974668433e-15,0.57161415528
7.41,244.627420091,244.627420091,186.523145106,198.487368063,-6.73063274654e-15,0.570993218788
7.42,245.953476646,245.953476646,187.11666217,200.099985349,-7.57196183985e-15,0.570372191748
7.43,247.28349389,247.28349389,187.709881534,201.723506018,-7.57196183985e-15,0.569751071467
7.4399999999999995,248.617507289,248.617507289,188.302821199,203.357988967,-7.29151880875e-15,0.569129855244
7.45,249.955576277,249.955576277,188.895497764,205.003493333,-7.29151880875e-15,0.568508540369
7.46,251.297673383,251.297673383,189.487901261,206.66007849,-7.29151880875e-15,0.56788712412
7.47,252.643850333,252.643850333,190.080050278,208.327804051,-6.73063274654e-15,0.567265603767
7.4799999999999995,253.994108909,253.994108909,190.671945427,210.006729872,-7.57196183985e-15,0.566643976568
7.49,255.348475753,255.348475753,191.263593986,211.696916046,-7.01107577764e-15,0.566022239775
7.5,256.707031774,256.707031774,191.855027506,213.398422912,-7.29151880875e-15,0.565400390625
7.51,258.069715902,258.069715902,192.44621954,215.111311046,-7.29151880875e-15,0.56477842635
7.52,259.436614051,259.436614051,193.037202378,216.835641272,-7.85240487096e-15,0.564156344168
7.53,260.807743456,260.807743456,193.627982899,218.571474654,-7.85240487096e-15,0.563534141292
7.54,262.183108847,262.183108847,194.218560634,220.3188725,-7.85240487096e-15,0.56291181492
7.55,263.562727443,263.562727443,194.808941284,222.077896366,-7.57196183985e-15,0.562289362244
7.56,264.946695266,264.946695266,195.399160029,223.84860805,-8.13284790207e-15,0.561666780444
7.57,266.334944047,266.334944047,195.989188673,225.631069598,-8.97417699538e-15,0.561044066692
7.58,267.727569798,267.727569798,196.579061848,227.425343301,-8.97417699538e-15,0.560421218148
7.59,269.124605556,269.124605556,197.168794561,229.231491699,-8.69373396428e-15,0.559798231963
7.6,270.526015045,270.526015045,197.758367002,231.049577579,-8.13284790207e-15,0.55917510528
7.61,271.931869914,271.931869914,198.347808818,232.879663977,-7.29151880875e-15,0.55855183523
7.62,273.342200775,273.342200775,198.937127064,234.721814179,-8.13284790207e-15,0.557928418934
7.63,274.757041534,274.757041534,199.526334955,236.57609172,-8.97417699538e-15,0.557304853504
7.64,276.176425451,276.176425451,200.115442291,238.442560386,-9.25462002649e-15,0.556681136044
7.65,277.600361421,277.600361421,200.704452407,240.321284213,-8.97417699538e-15,0.556057263644
7.66,279.028860938,279.028860938,201.293367723,242.212327492,-9.53506305759e-15,0.555433233388
7.67,280.461984181,280.461984181,201.882208063,244.115754764,-8.97417699538e-15,0.554809042348
7.68,281.899778873,281.899778873,202.470990614,246.031630824,-9.53506305759e-15,0.554184687587
7.6899999999999995,283.342271169,283.342271169,203.059723705,247.960020721,-1.00959491198e-14,0.553560166159
7.7,284.789473344,284.789473344,203.648408413,249.900989759,-8.97417699538e-15,0.552935475105
7.71,286.241435532,286.241435532,204.237064753,251.854603496,-9.25462002649e-15,0.55231061146
7.72,287.698143821,287.698143821,204.825685246,253.820927747,-9.53506305759e-15,0.551685572247
7.7299999999999995,289.159693016,289.159693016,205.41430015,255.800028584,-9.53506305759e-15,0.55106035448
7.74,290.626095199,290.626095199,206.002914825,257.791972336,-1.00959491198e-14,0.550434955163
7.75,292.097370553,292.097370553,206.591536093,259.796825588,-9.8155060887e-15,0.549809371289
7.76,293.573576834,293.573576834,207.180180563,261.814655186,-9.53506305759e-15,0.549183599843
7.77,295.054776646,295.054776646,207.76886982,263.845528234,-1.03763921509e-14,0.5485576378
7.78,296.540905192,296.540905192,208.357580817,265.889512097,-9.8155060887e-15,0.547931482123
7.79,298.032095552,298.032095552,208.946357363,267.946674399,-1.0656835182e-14,0.547305129768
7.8,299.528338839,299.528338839,209.535193945,270.017083027,-1.00959491198e-14,0.54667857768
7.81,301.029656583,301.029656583,210.124098071,272.100806129,-1.09372782131e-14,0.546051822793
7.82,302.536124818,302.536124818,210.713096195,274.197912115,-1.00959491198e-14,0.545424862033
7.83,304.047790577,304.047790577,211.302200425,276.308469659,-1.09372782131e-14,0.544797692315
7.84,305.564665728,305.564665728,211.891413776,278.4325477,-1.09372782131e-14,0.544170310545
7.85,307.086763122,307.086763122,212.48074134,280.57021544,-1.00959491198e-14,0.543542713619
7.86,308.61415725,308.61415725,213.070203318,282.721542346,-1.00959491198e-14,0.542914898422
7.87,310.146897567,310.146897567,213.659818611,284.886598154,-1.12177212442e-14,0.542286861831
7.88,311.684978876,311.684978876,214.249581432,287.065452863,-1.14981642753e-14,0.541658600712
7.89,313.2284927,313.2284927,214.839523535,289.258176741,-1.20590503375e-14,0.541030111921
7.9,314.777432277,314.777432277,215.429637076,291.464840324,-1.03763921509e-14,0.540401392305
7.91,316.374090851,316.374090851,216.028054267,293.685514417,-1.14981642753e-14,0.539772438701
7.92,317.93536551,317.93536551,216.618838561,295.920270095,-1.17786073064e-14,0.539143247935
7.93,319.50224981,319.50224981,217.209848565,298.1691787,-1.17786073064e-14,0.538513816826
7.94,321.07478859,321.07478859,217.801099406,300.432311848,-1.20590503375e-14,0.53788414218
7.95,322.652993444,322.652993444,218.392587808,302.709741425,-1.23394933687e-14,0.537254220794
7.96,324.236988907,324.236988907,218.984357524,305.00153959,-1.23394933687e-14,0.536624049457
7.97,325.826739665,325.826739665,219.576391848,307.307778774,-1.23394933687e-14,0.535993624946
7.9799999999999995,327.422299859,327.422299859,220.168706908,309.628531682,-1.12177212442e-14,0.535362944029
7.99,329.023768547,329.023768547,220.761336674,311.963871292,-1.14981642753e-14,0.534732003464
8.0,330.631147113,330.631147113,221.35427541,314.313870858,-1.17786073064e-14,0.5341008
8.01,332.244462844,332.244462844,221.947530895,316.678603911,-1.20590503375e-14,0.533469330375
8.02,333.863818742,333.863818742,222.541135299,319.058144254,-1.26199363998e-14,0.532837591318
8.03,335.489245367,335.489245367,223.135094622,321.452565971,-1.26199363998e-14,0.532205579548
8.04,337.120765838,337.120765838,223.729416028,323.861943423,-1.23394933687e-14,0.531573291774
8.05,338.758416083,338.758416083,224.324106383,326.286351247,-1.23394933687e-14,0.530940724694
8.06,340.40230852,340.40230852,224.919201932,328.725864361,-1.40221515553e-14,0.530307874999
8.07,342.052423829,342.052423829,225.514692628,331.180557963,-1.23394933687e-14,0.529674739368
8.08,343.708845765,343.708845765,226.110601441,333.65050753,-1.3180822462e-14,0.52904131447
8.09,345.371638848,345.371638848,226.706948322,336.13578882,-1.34612654931e-14,0.528407596966
8.1,347.040796181,347.040796181,227.303727728,338.636477875,-1.34612654931e-14,0.527773583505
8.11,348.716425158,348.716425158,227.900972337,341.152651018,-1.30406009464e-14,0.527139270728
8.12,350.398562524,350.398562524,228.498689275,343.684384854,-1.30406009464e-14,0.526504655265
8.13,352.087293744,352.087293744,229.096903524,346.231756274,-1.27601579153e-14,0.525869733737
8.14,353.782592784,353.782592784,229.695602779,348.794842453,-1.34612654931e-14,0.525234502755
8.15,355.484548815,355.484548815,230.294813238,351.373720851,-1.37417085242e-14,0.524598958919
8.16,357.193228301,357.193228301,230.894552946,353.968469214,-1.34612654931e-14,0.523963098821
8.17,358.90867384,358.90867384,231.494832021,356.579165575,-1.37417085242e-14,0.523326919041
8.18,360.630958977,360.630958977,232.095669274,359.205888254,-1.36014870086e-14,0.522690416152
8.19,362.360118145,362.360118145,232.697074247,361.848715859,-1.34612654931e-14,0.522053586714
8.2,364.09619373,364.09619373,233.299054526,364.507727287,-1.37417085242e-14,0.52141642728
8.209999999999999,365.839249938,365.839249938,233.901628449,367.183001726,-1.41623730708e-14,0.520778934392
8.22,367.589395372,367.589395372,234.504824715,369.874618652,-1.43025945864e-14,0.520141104581
8.23,369.346598911,369.346598911,235.108630579,372.582657834,-1.38819300397e-14,0.51950293437
8.24,371.110992701,371.110992701,235.713084414,375.307199329,-1.43025945864e-14,0.518864420272
8.25,372.882615542,372.882615542,236.318194803,378.048323492,-1.51439236797e-14,0.518225558789
8.26,374.661511343,374.661511343,236.923969007,380.806110965,-1.48634806486e-14,0.517586346414
8.27,376.44771634,376.44771634,237.530415593,383.580642689,-1.4723259133e-14,0.51694677963
8.28,378.241352097,378.241352097,238.137569589,386.371999897,-1.50037021642e-14,0.51630685491
8.29,380.042430293,380.042430293,238.745427578,389.180264116,-1.38819300397e-14,0.515666568717
8.3,381.851030585,381.851030585,239.354011273,392.005517172,-1.4723259133e-14,0.515025917505
8.31,383.667186786,383.667186786,239.963327131,394.847841185,-1.45830376175e-14,0.514384897718
8.32,385.491034399,385.491034399,240.573412555,397.707318574,-1.45830376175e-14,0.513743505789
8.33,387.322544738,387.322544738,241.184251675,400.584032056,-1.51439236797e-14,0.513101738143
8.34,389.161816297,389.161816297,241.795873665,403.478064645,-1.45830376175e-14,0.512459591193
8.35,391.008968623,391.008968623,242.408307578,406.389499656,-1.57048097419e-14,0.511817061344
8.36,392.863994571,392.863994571,243.021548127,409.318420705,-1.54243667108e-14,0.511174144991
8.37,394.726970094,394.726970094,243.63561295,412.264911708,-1.51439236797e-14,0.510530838518
8.38,396.597960439,396.597960439,244.250515768,415.229056881,-1.5985252773e-14,0.5098871383
8.39,398.477052483,398.477052483,244.866279668,418.210940746,-1.57048097419e-14,0.509243040702
8.4,400.364325624,400.364325624,245.482923746,421.210648125,-1.52841451953e-14,0.50859854208
8.41,402.259800523,402.259800523,246.100446736,424.228264146,-1.5985252773e-14,0.507953638778
8.42,404.163567738,404.163567738,246.718871872,427.263874239,-1.57048097419e-14,0.507308327133
8.43,406.075710681,406.075710681,247.338220371,430.317564142,-1.51439236797e-14,0.50666260347
8.44,407.944261623,407.944261623,247.938363764,433.389419899,-1.65461388352e-14,0.506016464105
8.45,409.871481866,409.871481866,248.558943239,436.479527857,-1.64059173197e-14,0.505369905344
8.459999999999999,411.807269012,411.807269012,249.180484352,439.587974675,-1.71070248974e-14,0.504722923483
8.47,413.7515875,413.7515875,249.802970374,442.714847318,-1.66863603508e-14,0.504075514809
8.48,415.704571705,415.704571705,250.426435192,445.86023306,-1.69668033819e-14,0.503427675599
8.49,417.666280235,417.666280235,251.050889812,449.024219485,-1.66863603508e-14,0.502779402118
